timestamp,open,high,low,close,volume,close_time,quote_asset_volume,number_of_trades,taker_buy_base_asset_volume,taker_buy_quote_asset_volume,ignore
1687651200000,30527.44000000,30624.00000000,30465.41000000,30598.52000000,1493.94980000,1687658399999,45625945.07648170,47498,766.51151000,23410051.84127830,0
1687658400000,30598.52000000,30783.68000000,30592.00000000,30748.46000000,2044.27648000,1687665599999,62723934.23636410,61552,1108.71435000,34018441.47367940,0
1687665600000,30748.46000000,31046.01000000,30748.46000000,30858.56000000,4996.18288000,1687672799999,154414874.47860080,97460,2629.97957000,81279446.38737740,0
1687672800000,30858.55000000,30985.91000000,30666.87000000,30723.78000000,3522.39164000,1687679999999,108494638.86209090,91179,1630.58652000,50221854.03863340,0
1687680000000,30723.78000000,30761.70000000,30588.00000000,30683.99000000,2139.03356000,1687687199999,65653281.68497250,63756,995.17127000,30545126.28636020,0
1687687200000,30683.99000000,30740.00000000,30584.51000000,30716.03000000,1783.86658000,1687694399999,54668911.70831980,54864,954.95635000,29267976.79127470,0
1687694400000,30716.03000000,30739.80000000,30515.68000000,30676.50000000,2635.75531000,1687701599999,80730534.81009700,71957,1241.59602000,38027338.08068600,0
1687701600000,30676.49000000,30727.27000000,30462.00000000,30585.16000000,3203.12529000,1687708799999,98031577.88831480,77759,1427.07852000,43672068.86733720,0
1687708800000,30585.16000000,30655.11000000,30488.00000000,30526.01000000,1732.80899000,1687715999999,52958583.08536280,56397,832.58352000,25447481.04607880,0
1687716000000,30526.00000000,30526.01000000,30328.00000000,30429.78000000,3138.62096000,1687723199999,95426976.32540780,71221,1421.42925000,43214724.73017290,0
1687723200000,30429.78000000,30530.71000000,30277.49000000,30451.52000000,1982.37949000,1687730399999,60309939.52830900,53038,920.60258000,28011229.44042610,0
1687730400000,30451.52000000,30571.89000000,30386.66000000,30462.66000000,1551.05703000,1687737599999,47277446.73244530,43229,698.76527000,21298855.57548310,0
1687737600000,30462.67000000,30550.00000000,29963.60000000,30172.74000000,6479.00195000,1687744799999,195961835.66243320,134404,3047.40046000,92171991.63788470,0
1687744800000,30172.73000000,30328.63000000,30115.77000000,30296.36000000,2728.87856000,1687751999999,82430601.68667730,53271,1634.35337000,49368498.23865680,0
1687752000000,30296.35000000,30323.99000000,30164.79000000,30215.05000000,1999.36596000,1687759199999,60462539.15800320,48548,902.98030000,27307812.79000950,0
1687759200000,30215.04000000,30580.00000000,30194.59000000,30404.29000000,4807.18064000,1687766399999,146135407.09256910,95199,2607.67403000,79284588.31056520,0
1687766400000,30404.28000000,30428.36000000,30245.88000000,30268.00000000,2889.81881000,1687773599999,87707222.76677190,62251,1403.50698000,42592210.89469380,0
1687773600000,30268.00000000,30343.60000000,30130.00000000,30322.89000000,2543.87408000,1687780799999,76965457.21514880,61611,1155.37112000,34955850.82882950,0
1687780800000,30322.89000000,30658.49000000,30257.02000000,30639.14000000,3958.11049000,1687787999999,120484689.38489900,82999,2125.17449000,64704885.40327140,0
1687788000000,30639.14000000,30666.00000000,30260.01000000,30419.62000000,5138.73666000,1687795199999,156451166.29983760,102215,2355.20061000,71713474.57562240,0
1687795200000,30419.63000000,30432.00000000,29930.00000000,30084.63000000,7784.37471000,1687802399999,234453726.50786800,143171,3566.32303000,107413719.35172500,0
1687802400000,30084.63000000,30306.96000000,30040.00000000,30243.97000000,3437.54721000,1687809599999,103686428.74498660,74369,1765.11698000,53245399.29330750,0
1687809600000,30243.97000000,30290.00000000,30116.90000000,30158.07000000,1938.86605000,1687816799999,58552766.33961940,52997,961.58631000,29038264.52124880,0
1687816800000,30158.07000000,30286.63000000,30099.00000000,30267.99000000,1474.65977000,1687823999999,44545816.68636840,43748,752.89516000,22743972.72684580,0
1687824000000,30267.99000000,30390.00000000,30226.17000000,30373.77000000,2148.17872000,1687831199999,65125591.56266090,55504,1052.99777000,31924640.75002520,0
1687831200000,30373.76000000,30496.88000000,30353.48000000,30371.57000000,2741.95902000,1687838399999,83443516.22112980,53947,1444.32872000,43960434.72548170,0
1687838400000,30371.56000000,30385.00000000,30247.98000000,30317.90000000,2137.84670000,1687845599999,64853498.06243390,43790,761.99263000,23113836.71457350,0
1687845600000,30317.91000000,30470.80000000,30233.58000000,30411.22000000,2014.87547000,1687852799999,61134500.94630810,51315,986.43552000,29936425.61803350,0
1687852800000,30411.23000000,30448.45000000,30336.00000000,30377.98000000,1825.75207000,1687859999999,55476733.25485800,44769,692.20824000,21033503.73042800,0
1687860000000,30377.97000000,30786.99000000,30377.97000000,30729.10000000,7107.18142000,1687867199999,217580226.87092720,112178,3767.21524000,115311236.91822210,0
1687867200000,30729.09000000,30769.04000000,30528.00000000,30610.41000000,4120.37517000,1687874399999,126331184.56644530,76530,1882.14431000,57708522.91081550,0
1687874400000,30610.41000000,30994.97000000,30383.00000000,30498.74000000,9283.90059000,1687881599999,285244738.97320730,154677,4507.29249000,138519404.33465840,0
1687881600000,30498.74000000,30769.96000000,30455.50000000,30733.20000000,5538.87635000,1687888799999,169771741.05389560,87958,3318.96589000,101755242.79094520,0
1687888800000,30733.19000000,30737.99000000,30626.67000000,30648.03000000,1970.18350000,1687895999999,60464394.62605430,47144,934.56156000,28681762.83369250,0
1687896000000,30648.03000000,30728.00000000,30554.09000000,30717.42000000,2478.89877000,1687903199999,75956469.34658640,57274,1163.08744000,35637671.01161440,0
1687903200000,30717.41000000,30736.24000000,30573.13000000,30692.44000000,1331.61379000,1687910399999,40823661.53485030,39287,640.06536000,19621224.42715110,0
1687910400000,30692.44000000,30709.74000000,30460.56000000,30498.42000000,2969.74309000,1687917599999,90740921.95835700,73010,1418.65558000,43347372.45584440,0
1687917600000,30498.43000000,30544.80000000,30336.36000000,30452.75000000,2453.10691000,1687924799999,74690861.24106470,51940,1283.51858000,39079631.76973870,0
1687924800000,30452.74000000,30488.83000000,30375.00000000,30452.53000000,1630.06787000,1687931999999,49614754.04084080,45555,800.49629000,24365685.82296400,0
1687932000000,30452.54000000,30452.54000000,30155.75000000,30186.13000000,4539.80144000,1687939199999,137520417.59076580,107711,1956.90649000,59267607.69357490,0
1687939200000,30186.14000000,30332.53000000,30150.98000000,30304.42000000,2850.20042000,1687946399999,86204577.24221460,77891,1395.26016000,42203355.96425330,0
1687946400000,30304.42000000,30388.00000000,30282.00000000,30310.73000000,1619.40103000,1687953599999,49121302.33994420,56047,729.34751000,22123459.80914230,0
1687953600000,30310.73000000,30370.00000000,30009.00000000,30202.34000000,6135.49700000,1687960799999,185014700.70968600,118065,2929.90520000,88352089.07750860,0
1687960800000,30202.34000000,30490.86000000,30147.24000000,30411.06000000,4822.72927000,1687967999999,146389114.91048890,88644,2584.74208000,78453270.94036480,0
1687968000000,30411.07000000,30466.36000000,30056.73000000,30155.23000000,3863.71389000,1687975199999,116817731.94306830,74408,1680.98344000,50826088.70394040,0
1687975200000,30155.24000000,30256.00000000,29858.80000000,30100.00000000,5626.36108000,1687982399999,169023681.07554710,101737,2494.29119000,74947482.65255010,0
1687982400000,30099.99000000,30218.55000000,29948.82000000,30134.38000000,2437.07970000,1687989599999,73296526.66827890,59956,1229.43637000,36978562.01876710,0
1687989600000,30134.39000000,30183.50000000,30057.89000000,30077.41000000,1515.81767000,1687996799999,45669047.89299990,40506,673.21139000,20282118.92474010,0
1687996800000,30077.40000000,30245.90000000,30049.98000000,30168.77000000,2056.84913000,1688003999999,61992962.73119640,52569,1039.66442000,31337955.57719460,0
1688004000000,30168.78000000,30209.22000000,30100.00000000,30176.00000000,893.88638000,1688011199999,26955965.97035680,35624,425.97520000,12844686.27124490,0
1688011200000,30176.00000000,30260.00000000,30141.05000000,30183.00000000,1440.43864000,1688018399999,43509037.41827210,32976,692.54697000,20916369.40068430,0
1688018400000,30183.00000000,30421.48000000,30179.60000000,30340.29000000,2209.84571000,1688025599999,66976466.02640190,55530,1113.49731000,33748552.48098540,0
1688025600000,30340.29000000,30473.14000000,30337.23000000,30433.33000000,2609.73875000,1688032799999,79364022.88866360,60703,1363.12261000,41454080.94480790,0
1688032800000,30433.34000000,30750.00000000,30401.21000000,30670.94000000,6903.08214000,1688039999999,211475824.09112750,110586,3483.89151000,106723676.01646890,0
1688040000000,30670.95000000,30843.98000000,30454.12000000,30564.00000000,5741.88425000,1688047199999,176197343.68924290,104767,2740.82480000,84117599.75691220,0
1688047200000,30564.00000000,30654.20000000,30400.00000000,30478.80000000,4315.08584000,1688054399999,131730294.25327110,76872,2020.14513000,61669738.84374370,0
1688054400000,30478.79000000,30663.37000000,30416.63000000,30543.33000000,3448.55472000,1688061599999,105300476.35866190,69920,1767.99880000,53979972.13199280,0
1688061600000,30543.33000000,30618.08000000,30495.89000000,30584.99000000,2119.13058000,1688068799999,64748539.87602410,51205,1008.25315000,30806126.26877780,0
1688068800000,30584.99000000,30639.90000000,30250.00000000,30417.34000000,3484.35829000,1688075999999,105957773.15682110,72052,1562.99632000,47530823.72752860,0
1688076000000,30417.33000000,30526.42000000,30392.78000000,30447.31000000,1107.77460000,1688083199999,33731683.46420120,35624,615.47235000,18743148.84138580,0
1688083200000,30447.31000000,30511.38000000,30347.17000000,30384.53000000,1873.63641000,1688090399999,57004693.48647000,52683,886.72094000,26978988.41527250,0
1688090400000,30384.54000000,30883.68000000,30375.57000000,30745.05000000,6040.22595000,1688097599999,185322910.71296970,110067,3471.27980000,106478829.00889210,0
1688097600000,30745.06000000,31282.00000000,30650.02000000,30736.63000000,11240.65830000,1688104799999,348096480.68065720,184274,5809.96564000,179903314.32490930,0
1688104800000,30736.64000000,30848.66000000,30610.01000000,30765.09000000,4067.80565000,1688111999999,124937586.78922490,77650,1965.92291000,60387964.76108330,0
1688112000000,30765.10000000,30906.80000000,30717.50000000,30768.83000000,3701.79392000,1688119199999,114019338.99569970,84693,1613.66490000,49705405.54303020,0
1688119200000,30768.82000000,30963.20000000,30748.85000000,30910.01000000,3140.44037000,1688126399999,96820183.22289040,73020,1511.99335000,46623046.00251740,0
1688126400000,30910.01000000,31137.36000000,29500.00000000,30135.62000000,23205.66476000,1688133599999,704513242.97287740,385164,10944.82257000,332529189.42149740,0
1688133600000,30135.63000000,30312.98000000,29944.00000000,30067.72000000,13131.01324000,1688140799999,395596721.64601960,182379,6322.33250000,190471239.62665650,0
1688140800000,30067.72000000,30748.08000000,29925.50000000,30455.80000000,13728.45701000,1688147999999,417424017.00994080,206803,7222.23771000,219595440.12068890,0
1688148000000,30455.79000000,30536.01000000,30288.01000000,30372.36000000,5114.57261000,1688155199999,155478849.59807930,97258,2530.71910000,76930531.28480130,0
1688155200000,30372.37000000,30520.00000000,30340.46000000,30479.56000000,2613.17218000,1688162399999,79519138.25078000,61882,1266.51486000,38539123.33299880,0
1688162400000,30479.57000000,30544.44000000,30461.14000000,30472.00000000,1561.63578000,1688169599999,47622342.14074130,43493,773.63826000,23592261.01622920,0
1688169600000,30471.99000000,30534.74000000,30380.51000000,30447.78000000,2427.20706000,1688176799999,73947044.84782870,71271,1131.52822000,34472739.15889860,0
1688176800000,30447.77000000,30530.64000000,30375.85000000,30398.01000000,1580.83370000,1688183999999,48108737.61501010,42936,688.66975000,20959891.00440780,0
1688184000000,30398.02000000,30430.00000000,30320.57000000,30429.36000000,1849.07127000,1688191199999,56177400.65316990,45172,829.17043000,25192552.61255010,0
1688191200000,30429.36000000,30472.69000000,30402.08000000,30459.88000000,1436.44707000,1688198399999,43717590.02312590,42776,636.78888000,19379981.04439560,0
1688198400000,30459.87000000,30472.22000000,30420.77000000,30441.23000000,1167.49770000,1688205599999,35549521.48711540,40952,437.53026000,13322651.07000090,0
1688205600000,30441.23000000,30600.00000000,30429.84000000,30523.02000000,1608.24660000,1688212799999,49048947.74890930,53402,744.63949000,22713092.31638900,0
1688212800000,30523.02000000,30639.01000000,30503.94000000,30565.26000000,2045.70786000,1688219999999,62552385.08390280,63148,961.69859000,29405632.67150480,0
1688220000000,30565.26000000,30661.60000000,30531.22000000,30572.58000000,1755.57885000,1688227199999,53694155.50206420,57117,929.09205000,28416354.12268710,0
1688227200000,30572.59000000,30600.00000000,30543.99000000,30573.86000000,1251.02301000,1688234399999,38245238.67894690,50412,645.57810000,19736300.46924790,0
1688234400000,30573.85000000,30633.92000000,30568.32000000,30609.51000000,989.39789000,1688241599999,30281028.73243800,40129,505.81834000,15481012.96753220,0
1688241600000,30609.51000000,30612.68000000,30570.01000000,30584.65000000,659.22400000,1688248799999,20166663.33196550,29662,270.64278000,8279253.13769730,0
1688248800000,30584.66000000,30606.88000000,30548.88000000,30585.90000000,731.51574000,1688255999999,22370624.42806160,30998,320.98187000,9815688.37545470,0
1688256000000,30585.90000000,30649.99000000,30548.00000000,30567.56000000,1371.57519000,1688263199999,41944233.70954340,45548,622.90810000,19049347.61711940,0
1688263200000,30567.57000000,30613.70000000,30463.16000000,30509.31000000,1839.82614000,1688270399999,56191306.42025450,54302,812.24942000,24805196.76120120,0
1688270400000,30509.30000000,30553.17000000,30476.00000000,30481.27000000,1307.94865000,1688277599999,39909621.22873610,39850,481.66704000,14696902.48425780,0
1688277600000,30481.27000000,30517.86000000,30470.01000000,30513.01000000,992.47809000,1688284799999,30267960.63011700,34983,421.92779000,12868021.86874760,0
1688284800000,30513.01000000,30552.00000000,30484.00000000,30516.81000000,990.98703000,1688291999999,30245193.53093040,34114,415.92738000,12694207.61508730,0
1688292000000,30516.81000000,30544.74000000,30505.18000000,30544.74000000,924.73431000,1688299199999,28224749.72199570,32540,415.20429000,12672791.60843010,0
1688299200000,30544.74000000,30574.75000000,30493.61000000,30517.96000000,1141.47734000,1688306399999,34847723.87714390,39760,481.19606000,14689259.12931830,0
1688306400000,30517.95000000,30628.00000000,30155.00000000,30498.01000000,4600.17067000,1688313599999,140000319.50293590,99438,2082.29231000,63365173.01334080,0
1688313600000,30498.00000000,30693.14000000,30424.92000000,30441.20000000,2615.13815000,1688320799999,79911255.13333550,59417,1125.01538000,34379620.77183110,0
1688320800000,30441.20000000,30559.90000000,30366.65000000,30557.74000000,1389.89390000,1688327999999,42360872.67589000,36892,638.86011000,19471603.44859690,0
1688328000000,30557.74000000,30621.11000000,30497.30000000,30557.44000000,1431.96033000,1688335199999,43781351.81213990,34271,654.79555000,20022787.90590690,0
1688335200000,30557.44000000,30791.00000000,30425.47000000,30617.03000000,4680.22039000,1688342399999,143346835.19042020,80418,2478.20397000,75901119.73433100,0
1688342400000,30617.02000000,30756.50000000,30587.77000000,30660.86000000,1639.85279000,1688349599999,50271303.24929580,44285,791.99695000,24278243.96255150,0
1688349600000,30660.86000000,30800.01000000,30660.86000000,30756.65000000,1977.79936000,1688356799999,60828316.32311820,45299,1076.90756000,33120697.05862660,0
1688356800000,30756.65000000,30795.80000000,30666.52000000,30673.62000000,1733.82828000,1688363999999,53250704.92625780,39675,780.97228000,23987763.23961630,0
1688364000000,30673.61000000,30759.80000000,30606.00000000,30667.19000000,2795.31874000,1688371199999,85756339.90133190,53233,1111.92445000,34119856.79689580,0
1688371200000,30667.19000000,30700.92000000,30599.07000000,30610.61000000,2224.52902000,1688378399999,68178661.57599090,49154,829.55912000,25425879.26494980,0
1688378400000,30610.60000000,30676.74000000,30583.01000000,30625.22000000,3426.79368000,1688385599999,104989394.35445180,49918,1581.96114000,48468099.13886310,0
1688385600000,30625.22000000,30696.83000000,30570.27000000,30653.84000000,2739.48276000,1688392799999,83911752.19072590,56076,1427.19558000,43716728.19875720,0
1688392800000,30653.83000000,31170.00000000,30653.29000000,31068.64000000,8767.28037000,1688399999999,271231894.27314820,132666,4521.46149000,139901580.93667920,0
1688400000000,31068.64000000,31127.76000000,30800.80000000,31000.98000000,5729.22716000,1688407199999,177539290.74660650,92915,2591.40446000,80306103.57901570,0
1688407200000,31000.98000000,31380.00000000,30995.77000000,31255.84000000,6767.46282000,1688414399999,211215158.44593470,106767,3434.52133000,107186265.71149010,0
1688414400000,31255.83000000,31299.16000000,30900.00000000,31050.23000000,4171.02514000,1688421599999,129798656.91396730,72939,1853.60826000,57672349.55426610,0
1688421600000,31050.22000000,31157.89000000,31040.90000000,31156.20000000,1789.04299000,1688428799999,55663866.60356450,38928,884.43069000,27515167.93563800,0
1688428800000,31156.20000000,31350.69000000,31096.48000000,31288.80000000,3672.86571000,1688435999999,114648491.31287890,68063,1756.10421000,54812171.01091540,0
1688436000000,31288.80000000,31325.76000000,31179.09000000,31195.69000000,2242.73460000,1688443199999,70070862.59352620,50378,970.08641000,30311199.29371550,0
1688443200000,31195.68000000,31212.26000000,30972.69000000,30972.70000000,2638.39436000,1688450399999,81972000.02743510,68066,1089.79854000,33859992.13020730,0
1688450400000,30972.70000000,31052.91000000,30879.29000000,30911.41000000,3585.67064000,1688457599999,111013741.11836020,71701,1346.02974000,41682156.15788440,0
1688457600000,30911.40000000,31045.00000000,30867.68000000,31016.91000000,2399.08717000,1688464799999,74276535.79922650,57935,1150.96965000,35632191.38427690,0
1688464800000,31016.92000000,31080.00000000,30946.00000000,31067.99000000,1880.81807000,1688471999999,58349105.93118240,52258,851.82928000,26425979.57557440,0
1688472000000,31067.99000000,31080.00000000,30979.00000000,30999.55000000,1961.14848000,1688479199999,60855414.95095320,53656,808.54502000,25089700.53683550,0
1688479200000,30999.54000000,31046.00000000,30886.00000000,30964.37000000,3156.40088000,1688486399999,97744500.27982460,69105,1133.75431000,35108052.53831730,0
1688486400000,30964.38000000,31130.00000000,30807.00000000,30900.01000000,4200.22773000,1688493599999,130027433.17428110,97568,1836.49974000,56856232.48388220,0
1688493600000,30900.01000000,30934.92000000,30620.00000000,30696.84000000,4494.78452000,1688500799999,138316446.79086980,109151,1861.07474000,57260438.12251980,0
1688500800000,30696.84000000,30822.85000000,30668.50000000,30803.72000000,1930.52707000,1688507999999,59382789.41650840,49086,838.64036000,25795375.92466640,0
1688508000000,30803.72000000,30843.73000000,30760.35000000,30766.51000000,1043.46020000,1688515199999,32136687.12947480,32505,464.03366000,14292664.92532740,0
1688515200000,30766.52000000,30843.31000000,30752.00000000,30795.93000000,1369.62648000,1688522399999,42183254.10078720,38381,557.97331000,17185817.96787330,0
1688522400000,30795.92000000,30878.07000000,30794.05000000,30868.71000000,1468.56558000,1688529599999,45294181.24352050,33245,595.78179000,18375376.50525790,0
1688529600000,30868.71000000,30869.57000000,30794.18000000,30814.08000000,1370.88726000,1688536799999,42279086.74265940,35388,610.22212000,18820425.44532690,0
1688536800000,30814.08000000,30832.96000000,30762.00000000,30774.25000000,1407.53041000,1688543999999,43342388.72425380,41498,526.82298000,16223401.02853840,0
1688544000000,30774.24000000,30810.34000000,30650.47000000,30680.00000000,2582.71335000,1688551199999,79385921.88580120,68409,1115.46147000,34288462.33651850,0
1688551200000,30680.00000000,30715.00000000,30350.00000000,30404.30000000,6553.43231000,1688558399999,199957546.69537510,149160,2890.17969000,88182324.41852610,0
1688558400000,30404.31000000,30436.00000000,30200.00000000,30357.31000000,5652.02887000,1688565599999,171402900.96597320,134924,2618.13097000,79396600.40377840,0
1688565600000,30357.31000000,30452.00000000,30237.35000000,30356.11000000,4772.65079000,1688572799999,144917896.27424590,105058,2767.97743000,84065852.40432170,0
1688572800000,30356.11000000,30581.32000000,30333.70000000,30523.21000000,2632.29745000,1688579999999,80196070.55817510,70407,1408.15290000,42899642.50739140,0
1688580000000,30523.22000000,30591.57000000,30425.09000000,30431.95000000,2003.42739000,1688587199999,61111093.82465060,57629,814.39306000,24840854.49952390,0
1688587200000,30431.95000000,30497.72000000,30383.83000000,30469.99000000,1535.55864000,1688594399999,46761998.96640270,46003,726.91473000,22137189.56648290,0
1688594400000,30469.99000000,30539.13000000,30389.96000000,30504.81000000,1866.95269000,1688601599999,56862450.33520540,47824,987.10671000,30062307.85987390,0
1688601600000,30504.80000000,30531.25000000,30327.00000000,30476.71000000,1508.97473000,1688608799999,45921061.13964650,52296,742.86388000,22607108.33762930,0
1688608800000,30476.71000000,30560.51000000,30458.08000000,30490.85000000,1356.20631000,1688615999999,41366089.05525650,45328,648.58532000,19782612.22758390,0
1688616000000,30490.85000000,30630.00000000,30438.26000000,30582.51000000,1812.15203000,1688623199999,55313905.33284820,53459,921.84860000,28140964.90090850,0
1688623200000,30582.50000000,30857.89000000,30560.00000000,30803.19000000,4264.61144000,1688630399999,131028923.92726000,89107,2270.74673000,69769925.39997480,0
1688630400000,30803.20000000,31500.00000000,30783.58000000,31069.60000000,13932.86127000,1688637599999,435263968.34702360,245583,7284.61636000,227515848.67921000,0
1688637600000,31069.60000000,31273.60000000,30701.00000000,30846.55000000,6550.98286000,1688644799999,203418240.93543480,119049,2917.44713000,90591314.30187050,0
1688644800000,30846.55000000,30887.10000000,30310.00000000,30373.47000000,10848.15320000,1688651999999,331986090.96844310,179345,4618.22638000,141345825.24532440,0
1688652000000,30373.48000000,30494.00000000,29888.00000000,30407.01000000,16264.16068000,1688659199999,490930095.90496600,265226,7667.09330000,231452883.93057610,0
1688659200000,30407.00000000,30464.13000000,30157.41000000,30294.86000000,4993.35827000,1688666399999,151399891.81434610,101638,2312.69294000,70123910.28969980,0
1688666400000,30294.85000000,30392.24000000,30210.00000000,30309.88000000,2640.12126000,1688673599999,79978864.98839290,67766,1399.32137000,42389231.19718080,0
1688673600000,30309.88000000,30345.18000000,30177.77000000,30224.72000000,1946.59628000,1688680799999,58912302.80504060,57014,923.40110000,27945805.87415070,0
1688680800000,30224.73000000,30267.77000000,29850.45000000,29895.43000000,5201.44777000,1688687999999,156244213.77661130,121231,2245.78926000,67471704.90944220,0
1688688000000,29895.42000000,30119.06000000,29701.02000000,30086.00000000,6273.82058000,1688695199999,187822372.77722520,141704,2685.55205000,80400003.35373830,0
1688695200000,30085.99000000,30165.64000000,30054.74000000,30135.40000000,2615.79615000,1688702399999,78749946.80697430,67327,1050.45695000,31625340.92698760,0
1688702400000,30135.41000000,30300.00000000,30057.20000000,30208.40000000,2607.63409000,1688709599999,78667149.98327060,79194,1059.80690000,31976718.87751670,0
1688709600000,30208.40000000,30240.01000000,29930.53000000,30007.40000000,2997.65397000,1688716799999,90235277.33611870,85249,1156.98187000,34813376.62663830,0
1688716800000,30007.41000000,30187.27000000,29970.00000000,30138.79000000,2039.11195000,1688723999999,61348631.85737730,65995,960.71398000,28904200.47349920,0
1688724000000,30138.79000000,30199.00000000,30088.99000000,30118.70000000,2228.86353000,1688731199999,67175736.72200180,54693,1035.31824000,31199256.29271340,0
1688731200000,30118.70000000,30388.00000000,30041.05000000,30385.39000000,5447.83164000,1688738399999,164637887.30116870,130794,2707.46847000,81837933.52838650,0
1688738400000,30385.40000000,30443.75000000,30263.97000000,30390.83000000,3530.38791000,1688745599999,107173875.82900520,95945,1503.33354000,45641069.38961500,0
1688745600000,30390.83000000,30449.00000000,30186.39000000,30238.46000000,2302.24062000,1688752799999,69814991.68886750,67452,951.90013000,28866959.48532340,0
1688752800000,30238.47000000,30250.01000000,30116.00000000,30246.20000000,1727.05020000,1688759999999,52155842.16878640,51620,799.33011000,24139740.98811400,0
1688760000000,30246.21000000,30344.02000000,30214.16000000,30289.64000000,1273.35566000,1688767199999,38552189.59128610,40912,539.37620000,16330447.31469490,0
1688767200000,30289.63000000,30346.06000000,30283.80000000,30344.70000000,1026.79265000,1688774399999,31127893.17112730,32063,425.62465000,12903714.12666440,0
1688774400000,30344.70000000,30344.71000000,30257.07000000,30304.58000000,961.49778000,1688781599999,29129737.60102030,38318,449.77700000,13626003.92746300,0
1688781600000,30304.59000000,30386.81000000,30272.35000000,30274.83000000,1071.63545000,1688788799999,32493103.21905500,34006,553.31043000,16779375.56019120,0
1688788800000,30274.82000000,30279.19000000,30183.39000000,30239.49000000,1256.42029000,1688795999999,37982969.80548420,37135,474.78442000,14353502.65532530,0
1688796000000,30239.50000000,30254.73000000,30145.21000000,30193.36000000,1072.90382000,1688803199999,32400775.45889150,42441,439.25173000,13264124.91233680,0
1688803200000,30193.36000000,30313.98000000,30190.19000000,30248.72000000,1249.46901000,1688810399999,37806137.54974480,43996,727.18171000,22002500.81163010,0
1688810400000,30248.71000000,30253.52000000,30156.23000000,30201.71000000,841.20944000,1688817599999,25410803.80036240,39893,328.96432000,9936655.98987780,0
1688817600000,30201.72000000,30239.37000000,30152.19000000,30209.32000000,907.34441000,1688824799999,27400470.59992710,42683,351.15003000,10604415.09486280,0
1688824800000,30209.33000000,30231.17000000,30180.94000000,30208.00000000,720.79805000,1688831999999,21773250.57451530,37785,255.54915000,7719183.82953570,0
1688832000000,30208.01000000,30318.25000000,30208.00000000,30254.69000000,1535.87044000,1688839199999,46469509.37151070,44691,748.21636000,22637481.19169940,0
1688839200000,30254.69000000,30254.70000000,30044.47000000,30112.00000000,1425.22260000,1688846399999,42955360.45283840,46951,561.01440000,16904143.42719130,0
1688846400000,30112.00000000,30196.00000000,30054.06000000,30180.80000000,1066.63747000,1688853599999,32141582.37908620,38240,532.90441000,16057775.64539660,0
1688853600000,30180.81000000,30289.99000000,30166.00000000,30284.63000000,985.58166000,1688860799999,29796016.75999190,34075,568.81072000,17198268.15442060,0
1688860800000,30284.63000000,30402.98000000,30246.47000000,30332.26000000,1561.76001000,1688867999999,47372719.35831370,50611,740.10175000,22448885.56321120,0
1688868000000,30332.25000000,30364.52000000,30262.22000000,30287.99000000,1132.08184000,1688875199999,34300813.92639920,33891,567.32212000,17188575.06364070,0
1688875200000,30287.99000000,30299.89000000,30249.65000000,30260.67000000,957.01205000,1688882399999,28976730.32532560,31449,419.86583000,12711627.34068090,0
1688882400000,30260.67000000,30283.50000000,30233.33000000,30265.00000000,908.44163000,1688889599999,27485942.57696890,33094,413.22245000,12502268.15532180,0
1688889600000,30265.00000000,30310.00000000,30240.00000000,30276.00000000,779.49996000,1688896799999,23605615.86459970,29770,382.65965000,11587833.19513480,0
1688896800000,30276.00000000,30295.47000000,30243.67000000,30266.69000000,778.05668000,1688903999999,23553110.59897200,29058,343.85336000,10409019.18252720,0
1688904000000,30266.70000000,30350.00000000,30250.89000000,30265.14000000,1143.84554000,1688911199999,34662190.44687920,41203,555.16775000,16821835.59554690,0
1688911200000,30265.14000000,30445.52000000,30190.00000000,30349.47000000,3060.78490000,1688918399999,92796706.13365420,72359,1565.86657000,47475466.33490830,0
1688918400000,30349.47000000,30349.74000000,30255.05000000,30288.29000000,1071.17772000,1688925599999,32447175.55191120,33986,477.10557000,14451498.54174690,0
1688925600000,30288.30000000,30302.70000000,30204.00000000,30242.42000000,742.97443000,1688932799999,22476012.43883920,28888,310.44940000,9390590.87111350,0
1688932800000,30242.43000000,30249.99000000,30115.00000000,30153.90000000,1413.34038000,1688939999999,42663463.28679660,40071,523.69566000,15807079.74297870,0
1688940000000,30153.90000000,30199.48000000,30061.12000000,30160.71000000,1839.52682000,1688947199999,55441033.75028810,48788,718.04082000,21638842.30291800,0
1688947200000,30160.71000000,30227.03000000,29950.00000000,30048.80000000,3742.90050000,1688954399999,112535300.77597030,90499,1622.56365000,48791341.40278290,0
1688954400000,30048.79000000,30240.00000000,30044.17000000,30156.17000000,1688.29543000,1688961599999,50915727.72019510,41907,819.13991000,24702180.62103560,0
1688961600000,30156.17000000,30160.00000000,30082.25000000,30082.25000000,1472.68883000,1688968799999,44365736.52891180,51116,589.30133000,17752573.27115590,0
1688968800000,30082.25000000,30137.81000000,30050.29000000,30112.10000000,1380.62149000,1688975999999,41549684.62767400,41030,564.64770000,16992939.81027380,0
1688976000000,30112.11000000,30200.00000000,30000.02000000,30140.00000000,2690.62770000,1688983199999,80996002.79058390,63124,1185.98491000,35710035.61243680,0
1688983200000,30140.01000000,30245.90000000,30140.00000000,30240.00000000,2011.75038000,1688990399999,60751354.85436990,43936,1107.49283000,33444368.17998950,0
1688990400000,30240.00000000,30333.00000000,30143.21000000,30209.70000000,2829.50110000,1688997599999,85556389.37038440,73308,1283.89669000,38823048.21474980,0
1688997600000,30209.71000000,30362.00000000,30200.00000000,30312.81000000,3078.61502000,1689004799999,93209780.17974390,65525,1578.89754000,47800088.87107060,0
1689004800000,30312.82000000,30379.29000000,30241.00000000,30278.20000000,2037.92930000,1689011999999,61776147.54337110,50439,779.44112000,23629168.02086220,0
1689012000000,30278.19000000,30840.00000000,30264.01000000,30837.40000000,5577.48723000,1689019199999,170620032.55451960,113323,3102.17973000,94924904.12379940,0
1689019200000,30837.40000000,31045.78000000,30200.00000000,30302.21000000,10000.09249000,1689026399999,307960544.75346750,176479,4773.47328000,147127671.71905850,0
1689026400000,30302.22000000,30419.26000000,30190.00000000,30411.57000000,4752.36705000,1689033599999,144052336.04288130,86167,2167.21601000,65692573.29779350,0
1689033600000,30411.57000000,30600.00000000,30363.29000000,30586.26000000,2733.47948000,1689040799999,83274037.05590930,65365,1368.93225000,41711774.46804900,0
1689040800000,30586.25000000,30600.00000000,30399.18000000,30476.00000000,1800.51535000,1689047999999,54892237.12694930,39685,752.81540000,22952178.53457510,0
1689048000000,30475.99000000,30500.00000000,30430.88000000,30456.00000000,1441.55441000,1689055199999,43911438.17134650,33097,610.86875000,18608646.96794280,0
1689055200000,30456.01000000,30658.00000000,30451.38000000,30535.38000000,3122.15914000,1689062399999,95446375.56497120,60620,1710.57619000,52289591.75954130,0
1689062400000,30535.38000000,30567.32000000,30344.28000000,30449.83000000,2549.54662000,1689069599999,77658337.79455340,55511,1214.59756000,36994535.83072960,0
1689069600000,30449.83000000,30455.01000000,30370.00000000,30404.31000000,1848.13874000,1689076799999,56204626.79709700,45640,789.89457000,24022184.08427220,0
1689076800000,30404.31000000,30494.00000000,30300.00000000,30450.00000000,2445.45083000,1689083999999,74341436.59749790,59813,1156.21578000,35152348.86713480,0
1689084000000,30450.01000000,30813.63000000,30380.00000000,30596.45000000,5304.83708000,1689091199999,162228933.11286040,114596,2790.92205000,85357993.08051990,0
1689091200000,30596.44000000,30693.87000000,30506.57000000,30575.60000000,2421.43582000,1689098399999,74093531.22314620,64669,1078.48754000,33003405.77203280,0
1689098400000,30575.59000000,30582.00000000,30405.00000000,30581.99000000,2115.40323000,1689105599999,64528138.47200190,68889,921.18005000,28099477.97377750,0
1689105600000,30582.00000000,30630.74000000,30510.01000000,30570.18000000,1345.26098000,1689112799999,41127553.85033600,45684,590.93903000,18067584.28333370,0
1689112800000,30570.18000000,30650.00000000,30501.56000000,30622.10000000,1349.05143000,1689119999999,41259598.47460010,37644,684.73162000,20945079.54105340,0
1689120000000,30622.10000000,30630.00000000,30497.95000000,30535.92000000,2357.83758000,1689127199999,72038745.70475860,50365,825.22803000,25210875.53531450,0
1689127200000,30535.91000000,30671.38000000,30535.91000000,30588.32000000,1218.44842000,1689134399999,37286491.81530170,33937,605.24397000,18520900.35745050,0
1689134400000,30588.32000000,30697.21000000,30565.53000000,30654.00000000,1328.52751000,1689141599999,40684744.18510300,32447,683.20236000,20924530.33926150,0
1689141600000,30654.01000000,30849.01000000,30621.86000000,30740.00000000,2937.66691000,1689148799999,90345790.07665450,67780,1519.88992000,46744733.90848240,0
1689148800000,30740.00000000,30764.04000000,30665.01000000,30724.01000000,1630.22878000,1689155999999,50077765.38169630,43906,716.68082000,22015948.78575050,0
1689156000000,30724.00000000,30809.13000000,30656.00000000,30776.25000000,1859.99923000,1689163199999,57121899.98619560,42347,975.03848000,29950050.62151280,0
1689163200000,30776.25000000,30983.25000000,30461.59000000,30666.33000000,10240.47706000,1689170399999,314857261.67377200,179737,4885.92551000,150263286.79924200,0
1689170400000,30666.33000000,30850.33000000,30472.00000000,30524.63000000,5643.66150000,1689177599999,173117712.96395150,104917,2706.91293000,83046366.19230010,0
1689177600000,30524.63000000,30538.44000000,30422.62000000,30447.95000000,3435.22056000,1689184799999,104695404.17173430,66633,1723.91180000,52540758.12579090,0
1689184800000,30447.94000000,30537.01000000,30210.00000000,30287.47000000,4233.29195000,1689191999999,128495500.73148460,86202,1928.25025000,58537920.10444530,0
1689192000000,30287.48000000,30372.98000000,30238.28000000,30356.01000000,2079.22949000,1689199199999,63018981.82424340,44846,1079.36689000,32714549.29039910,0
1689199200000,30356.00000000,30419.99000000,30337.06000000,30380.00000000,1144.40770000,1689206399999,34757173.91827740,31078,601.62869000,18272604.87127910,0
1689206400000,30380.00000000,30433.25000000,30294.78000000,30383.78000000,1694.77954000,1689213599999,51467918.44168780,38897,760.52521000,23094500.01207260,0
1689213600000,30383.79000000,30383.79000000,30274.00000000,30298.01000000,1515.45492000,1689220799999,45960390.59290410,29906,631.45210000,19148920.23415150,0
1689220800000,30298.01000000,30323.37000000,30251.00000000,30323.00000000,1591.91316000,1689227999999,48219423.08061780,31515,747.60115000,22646071.63158010,0
1689228000000,30323.01000000,30426.91000000,30302.57000000,30366.02000000,2119.13879000,1689235199999,64359286.86909130,39838,1164.51759000,35367382.61216990,0
1689235200000,30366.01000000,30605.10000000,30345.05000000,30576.68000000,2726.64272000,1689242399999,83118243.29158790,58616,1376.12396000,41948882.99329510,0
1689242400000,30576.68000000,30637.06000000,30529.84000000,30543.99000000,1997.88190000,1689249599999,61087730.42158410,43280,844.12772000,25809877.84277070,0
1689249600000,30543.99000000,30689.77000000,30459.91000000,30663.43000000,2872.80126000,1689256799999,87835852.49122480,62430,1312.30885000,40126398.39022380,0
1689256800000,30663.44000000,31170.00000000,30471.66000000,30917.48000000,12869.54866000,1689263999999,397041973.47611300,190279,7031.56119000,217026749.75479350,0
1689264000000,30917.48000000,31200.00000000,30718.27000000,31070.08000000,15006.34576000,1689271199999,464457056.01442900,220117,7776.60838000,240737205.99953400,0
1689271200000,31070.08000000,31804.20000000,31056.08000000,31606.01000000,18407.63003000,1689278399999,578683815.55483850,334606,9819.96740000,308730196.52441340,0
1689278400000,31606.00000000,31691.46000000,31000.00000000,31254.01000000,6673.98316000,1689285599999,209338143.11769200,174762,2998.89694000,94070521.50712070,0
1689285600000,31254.00000000,31499.99000000,31207.51000000,31454.23000000,3296.39846000,1689292799999,103357376.87264550,77386,1621.15129000,50836147.64919180,0
1689292800000,31454.23000000,31518.94000000,31333.00000000,31418.88000000,5504.65961000,1689299999999,173014148.68236830,131831,2603.80833000,81840302.21632000,0
1689300000000,31418.88000000,31630.00000000,31384.05000000,31460.00000000,3162.43185000,1689307199999,99495384.80183210,72920,1604.12965000,50464981.68886830,0
1689307200000,31459.99000000,31469.00000000,31350.12000000,31360.48000000,2110.83194000,1689314399999,66290719.17028930,52986,917.98916000,28832390.82790700,0
1689314400000,31360.48000000,31385.20000000,31075.25000000,31098.74000000,3575.56690000,1689321599999,111709079.71235830,80618,1506.43699000,47056622.76114080,0
1689321600000,31098.75000000,31287.85000000,31083.95000000,31187.04000000,2335.73830000,1689328799999,72869724.55936150,64113,1251.39339000,39039867.90630230,0
1689328800000,31187.03000000,31234.79000000,31090.00000000,31209.59000000,2209.64121000,1689335999999,68864009.20870490,55704,1081.00352000,33693421.24958540,0
1689336000000,31209.58000000,31280.00000000,31050.00000000,31253.43000000,2624.81151000,1689343199999,81820327.00072830,69529,1338.07905000,41715450.45165950,0
1689343200000,31253.44000000,31360.11000000,31174.55000000,31240.48000000,2943.95335000,1689350399999,92042481.96936900,86058,1495.80646000,46770825.19660970,0
1689350400000,31240.49000000,31275.50000000,30648.00000000,30688.64000000,8491.14230000,1689357599999,263106089.92220860,182625,3784.12292000,117269747.23973240,0
1689357600000,30688.63000000,30770.95000000,29900.00000000,30115.17000000,20688.47592000,1689364799999,625869213.01527580,320148,9481.63984000,286840386.80106230,0
1689364800000,30115.18000000,30276.21000000,29985.31000000,30241.99000000,4702.41634000,1689371999999,141760670.55525650,101638,2328.12892000,70197114.76921810,0
1689372000000,30242.00000000,30319.03000000,30201.00000000,30312.01000000,2399.81501000,1689379199999,72601425.14987170,56217,1121.24173000,33920926.71403570,0
1689379200000,30312.00000000,30390.90000000,30200.00000000,30336.45000000,2173.88708000,1689386399999,65871305.68616630,59266,915.30489000,27738067.43849900,0
1689386400000,30336.45000000,30348.00000000,30262.93000000,30292.91000000,1591.13340000,1689393599999,48216755.61671110,43793,689.20043000,20884492.34615790,0
1689393600000,30292.90000000,30324.00000000,30257.45000000,30295.43000000,975.49022000,1689400799999,29551619.61562290,32864,445.34360000,13491700.22528450,0
1689400800000,30295.44000000,30366.83000000,30266.33000000,30338.00000000,1533.92563000,1689407999999,46512536.53573820,50549,781.26107000,23691605.77291880,0
1689408000000,30338.00000000,30350.06000000,30263.25000000,30350.06000000,1525.32266000,1689415199999,46246392.06190120,48181,730.58397000,22152110.15185130,0
1689415200000,30350.06000000,30371.67000000,30290.07000000,30311.99000000,1174.60079000,1689422399999,35625651.48717340,44512,512.45608000,15543942.05435750,0
1689422400000,30311.99000000,30365.04000000,30268.66000000,30324.99000000,1084.07943000,1689429599999,32876326.77241860,42080,463.52029000,14057699.35758580,0
1689429600000,30324.99000000,30330.90000000,30250.99000000,30303.41000000,1030.30228000,1689436799999,31215729.90727990,41447,417.72249000,12655521.11557330,0
1689436800000,30303.40000000,30311.21000000,30256.89000000,30283.13000000,1020.90682000,1689443999999,30917671.48238460,40883,496.10327000,15023884.25101230,0
1689444000000,30283.12000000,30358.18000000,30283.12000000,30326.47000000,843.17298000,1689451199999,25572856.27961650,33630,438.90193000,13310925.91211260,0
1689451200000,30326.47000000,30326.47000000,30276.00000000,30302.98000000,611.07224000,1689458399999,18514329.07489140,27423,294.40602000,8919571.16187520,0
1689458400000,30302.99000000,30318.68000000,30269.96000000,30289.52000000,554.65976000,1689465599999,16799919.78227420,23726,245.74577000,7443154.12469350,0
1689465600000,30289.52000000,30332.01000000,30260.00000000,30265.00000000,1033.87457000,1689472799999,31319702.26648780,30320,482.20411000,14609704.51295320,0
1689472800000,30264.99000000,30335.00000000,30064.29000000,30188.00000000,3072.91837000,1689479999999,92802145.65989720,72868,1332.47410000,40244117.36248090,0
1689480000000,30188.00000000,30241.34000000,30134.59000000,30238.01000000,1016.33559000,1689487199999,30673350.08600690,31899,553.19017000,16694890.60888160,0
1689487200000,30238.01000000,30311.99000000,30225.13000000,30265.22000000,925.10368000,1689494399999,27998211.98670980,32344,495.67776000,15001290.42656470,0
1689494400000,30265.23000000,30319.59000000,30265.22000000,30303.13000000,1116.10922000,1689501599999,33813017.14424740,29980,510.36994000,15462279.92826440,0
1689501600000,30303.13000000,30350.00000000,30273.37000000,30306.01000000,945.43236000,1689508799999,28651914.75531890,39284,421.97019000,12788011.56844160,0
1689508800000,30306.01000000,30340.00000000,30273.08000000,30303.93000000,1016.79296000,1689515999999,30811124.83745540,33533,424.50704000,12863086.55629860,0
1689516000000,30303.93000000,30441.46000000,30303.93000000,30379.95000000,2044.46950000,1689523199999,62129509.79699610,58676,1011.10973000,30723616.06108130,0
1689523200000,30379.96000000,30403.13000000,30320.00000000,30381.92000000,811.62749000,1689530399999,24651836.10279370,32851,391.17902000,11881665.95177070,0
1689530400000,30381.93000000,30394.87000000,30200.43000000,30252.93000000,1395.53149000,1689537599999,42257715.77725450,47941,584.99143000,17710790.84638880,0
1689537600000,30252.94000000,30314.48000000,30236.00000000,30292.65000000,693.27902000,1689544799999,20993907.75800450,32466,343.32787000,10396736.94583100,0
1689544800000,30292.66000000,30361.00000000,30122.95000000,30231.99000000,1688.65385000,1689551999999,51086891.83612150,52063,771.44236000,23337519.45428620,0
1689552000000,30232.00000000,30336.96000000,30176.03000000,30291.05000000,1298.74044000,1689559199999,39288687.77864820,49084,665.63540000,20136787.01303090,0
1689559200000,30291.04000000,30319.13000000,30255.70000000,30312.66000000,748.11370000,1689566399999,22656885.76726110,29677,374.28371000,11335065.93907550,0
1689566400000,30312.66000000,30323.05000000,30264.27000000,30264.27000000,1075.94937000,1689573599999,32596898.72129330,34796,466.48907000,14133100.98939270,0
1689573600000,30264.28000000,30287.23000000,30232.06000000,30281.00000000,1224.13266000,1689580799999,37050491.33249970,35167,621.27854000,18803784.04810760,0
1689580800000,30281.01000000,30328.00000000,30150.00000000,30182.00000000,2436.30404000,1689587999999,73704467.37061020,59930,1265.66988000,38297708.54831910,0
1689588000000,30182.00000000,30261.90000000,29965.39000000,30161.70000000,4536.02006000,1689595199999,136633668.31924430,102095,1986.11052000,59842076.14760970,0
1689595200000,30161.70000000,30307.84000000,30032.00000000,30286.64000000,3210.00790000,1689602399999,96829053.35933200,82264,1555.91806000,46932947.77274900,0
1689602400000,30286.65000000,30308.00000000,30112.99000000,30174.83000000,1989.38323000,1689609599999,60143753.54279780,58864,747.04028000,22586045.98712720,0
1689609600000,30174.84000000,30241.03000000,29920.00000000,30030.67000000,4208.76650000,1689616799999,126639492.48175590,110121,1953.34576000,58797059.60962380,0
1689616800000,30030.67000000,30060.00000000,29659.20000000,29884.39000000,6056.12163000,1689623999999,180761289.24938640,135627,2751.07073000,82114709.34842780,0
1689624000000,29884.40000000,30285.71000000,29881.41000000,30242.59000000,2531.68214000,1689631199999,76058430.43933600,72669,1304.32993000,39187239.16505620,0
1689631200000,30242.60000000,30267.82000000,30074.54000000,30138.00000000,1567.54672000,1689638399999,47284525.88117810,46172,661.04705000,19939430.88625080,0
1689638400000,30138.01000000,30239.78000000,30105.55000000,30215.84000000,1461.95027000,1689645599999,44110270.58946880,41591,773.39845000,23335773.18709150,0
1689645600000,30215.85000000,30227.99000000,30073.96000000,30073.96000000,1484.89308000,1689652799999,44746503.26672300,34142,456.20937000,13747297.79486220,0
1689652800000,30073.97000000,30118.19000000,30040.00000000,30052.22000000,1534.08973000,1689659999999,46139228.88630900,35694,614.76154000,18490762.42025450,0
1689660000000,30052.23000000,30097.09000000,29921.54000000,29968.13000000,2540.18745000,1689667199999,76213889.91720330,67967,1200.15373000,36010523.41866220,0
1689667200000,29968.13000000,30111.68000000,29881.00000000,29956.94000000,2395.74015000,1689674399999,71860793.53387080,62624,1075.21376000,32252722.91068740,0
1689674400000,29956.95000000,30073.41000000,29810.00000000,29884.01000000,2971.79966000,1689681599999,89009106.38470880,64914,1357.88742000,40671115.03260980,0
1689681600000,29884.00000000,29918.20000000,29675.00000000,29831.99000000,4769.65692000,1689688799999,142190801.44871260,115703,2226.12056000,66366253.26742290,0
1689688800000,29831.99000000,30034.15000000,29817.31000000,29912.00000000,3228.32522000,1689695999999,96539902.17586250,82066,1576.50881000,47146237.31049330,0
1689696000000,29912.01000000,29964.99000000,29512.00000000,29821.77000000,4807.38585000,1689703199999,142946520.66399980,110765,2139.22260000,63612552.86275180,0
1689703200000,29821.76000000,29943.79000000,29680.76000000,29715.99000000,2413.66044000,1689710399999,72024687.11080550,64016,1148.90075000,34289566.50379120,0
1689710400000,29715.98000000,29834.28000000,29690.65000000,29800.86000000,1323.32603000,1689717599999,39394406.23608720,39329,690.99237000,20568383.10494310,0
1689717600000,29800.86000000,29865.00000000,29758.85000000,29859.13000000,1072.84530000,1689724799999,31980985.26365980,35964,511.82685000,15257680.24934280,0
1689724800000,29859.14000000,30071.12000000,29839.50000000,30006.01000000,2340.47552000,1689731999999,70169518.90765970,60809,1266.76596000,37972670.16673420,0
1689732000000,30006.00000000,30076.71000000,29971.41000000,30059.11000000,1536.48105000,1689739199999,46143737.57749420,36641,806.48824000,24219700.53343360,0
1689739200000,30059.10000000,30189.09000000,30055.05000000,30098.39000000,2342.70345000,1689746399999,70554591.24638410,49034,1106.43025000,33326683.59697070,0
1689746400000,30098.39000000,30114.00000000,29966.48000000,30000.68000000,1938.95557000,1689753599999,58246113.34752150,44205,776.56309000,23327641.66481500,0
1689753600000,30000.68000000,30046.00000000,29867.17000000,30006.30000000,2164.79324000,1689760799999,64867043.54688340,49486,968.08416000,29006501.41165030,0
1689760800000,30006.29000000,30034.00000000,29958.86000000,30012.63000000,1375.09952000,1689767999999,41248202.28245600,30152,587.01353000,17607930.21515460,0
1689768000000,30012.62000000,30128.00000000,29827.39000000,29994.30000000,2769.08900000,1689775199999,82992253.73935640,66369,1353.64885000,40578289.31700080,0
1689775200000,29994.31000000,30056.69000000,29761.96000000,29956.46000000,3626.56360000,1689782399999,108379297.32039510,83077,1763.94217000,52722930.47516820,0
1689782400000,29956.46000000,30085.80000000,29870.00000000,29993.18000000,2174.55609000,1689789599999,65152490.07478320,59343,1105.97883000,33143635.39170560,0
1689789600000,29993.19000000,30100.00000000,29944.00000000,30044.31000000,2195.36028000,1689796799999,65933765.59196710,55336,1114.20670000,33465525.87071560,0
1689796800000,30044.31000000,30054.00000000,29851.10000000,29933.96000000,1798.36613000,1689803999999,53868866.85675150,47075,788.60609000,23621586.53187990,0
1689804000000,29933.96000000,29957.47000000,29830.36000000,29909.21000000,1394.91792000,1689811199999,41698984.79346290,35888,623.25534000,18631122.74220700,0
1689811200000,29909.21000000,30027.99000000,29881.29000000,29987.33000000,1214.14215000,1689818399999,36391494.12867350,34254,563.05208000,16876140.12192160,0
1689818400000,29987.34000000,30047.95000000,29914.45000000,29948.01000000,1230.71086000,1689825599999,36899574.55973070,30914,498.11301000,14933980.84277380,0
1689825600000,29948.00000000,30176.96000000,29926.88000000,30125.99000000,2194.00883000,1689832799999,65940947.23987020,45181,1142.04092000,34331835.35365090,0
1689832800000,30125.98000000,30246.98000000,30086.22000000,30202.77000000,2929.19416000,1689839999999,88361043.65927120,57101,1467.63207000,44278534.33862710,0
1689840000000,30202.78000000,30389.92000000,30166.67000000,30327.99000000,3998.00659000,1689847199999,121078499.02701900,80494,2145.57938000,64978299.74543710,0
1689847200000,30327.99000000,30417.46000000,30251.09000000,30284.90000000,3610.78039000,1689854399999,109502886.12502460,67904,1694.46294000,51393650.55394360,0
1689854400000,30284.90000000,30316.00000000,30171.71000000,30229.58000000,2716.54214000,1689861599999,82161627.09392850,63381,1197.97001000,36229869.69681210,0
1689861600000,30229.57000000,30243.93000000,29627.04000000,29810.18000000,9276.80850000,1689868799999,277100963.38647690,167228,4281.02170000,127822985.46900550,0
1689868800000,29810.17000000,29872.71000000,29658.02000000,29756.73000000,3107.44283000,1689875999999,92468338.66393720,65441,1565.71404000,46595196.10398300,0
1689876000000,29756.72000000,29795.52000000,29570.96000000,29756.00000000,3631.41417000,1689883199999,107854427.13139900,64841,1691.14935000,50239889.29281490,0
1689883200000,29756.00000000,29888.00000000,29669.56000000,29870.28000000,1718.02831000,1689890399999,51139264.49934690,43126,870.89787000,25927311.64099030,0
1689890400000,29870.27000000,29878.48000000,29789.65000000,29800.00000000,1913.60300000,1689897599999,57051578.19697180,29858,943.70156000,28134712.36053790,0
1689897600000,29800.00000000,29899.00000000,29726.34000000,29877.48000000,2407.19781000,1689904799999,71770157.80481860,44923,1222.76437000,36459142.39131830,0
