timestamp,open,high,low,close,volume,close_time,quote_asset_volume,number_of_trades,taker_buy_base_asset_volume,taker_buy_quote_asset_volume,ignore,1w_close_time,1w_open_time,1w_open,1w_high,1w_low,1w_close,1w_quote_asset_volume,1w_number_of_trades,1w_taker_buy_base_asset_volume,1w_taker_buy_quote_asset_volume,1w_volume,1w_open_time_day,1w_open_time_month,1w_open_time_year,1w_open_time_hour,1w_open_time_minute,1w_close_time_day,1w_close_time_month,1w_close_time_year,1w_close_time_hour,1w_close_time_minute
2017-08-14,4261.48,4485.39,3850.0,4086.29,2843.431426,1503273599999,12021576.48265154,13134,2240.24924,9482742.92094674,0,2017-08-20 23:59:59,2017-08-14,4261.48,4485.39,3850.0,4086.29,12021576.48265154,13134,2240.24924,9482742.92094674,2843.431426,14,8,2017,0,0,20,8,2017,23,59
2017-08-21,4069.13,4453.91,3400.0,4310.01,4599.396629,1503878399999,18978983.50987317,37826,1755.530265,7173180.19744751,0,2017-08-27 23:59:59,2017-08-21,4069.13,4453.91,3400.0,4310.01,18978983.50987317,37826,1755.530265,7173180.19744751,4599.396629,21,8,2017,0,0,27,8,2017,23,59
2017-08-28,4310.01,4939.19,4124.54,4509.08,4753.843376,1504483199999,21581679.92866748,35717,1371.034428,6237542.20612072,0,2017-09-03 23:59:59,2017-08-28,4310.01,4939.19,4124.54,4509.08,21581679.92866748,35717,1371.034428,6237542.20612072,4753.843376,28,8,2017,0,0,3,9,2017,23,59
2017-09-04,4505.0,4788.59,3603.0,4130.37,6382.787745,1505087999999,27307824.36893929,42372,2821.422739,12120979.77068529,0,2017-09-10 23:59:59,2017-09-04,4505.0,4788.59,3603.0,4130.37,27307824.36893929,42372,2821.422739,12120979.77068529,6382.787745,4,9,2017,0,0,10,9,2017,23,59
2017-09-11,4153.62,4394.59,2817.0,3699.99,8106.705127,1505692799999,30026796.42861788,50423,3763.128452,13956149.18844029,0,2017-09-17 23:59:59,2017-09-11,4153.62,4394.59,2817.0,3699.99,30026796.42861788,50423,3763.128452,13956149.18844029,8106.705127,11,9,2017,0,0,17,9,2017,23,59
2017-09-18,3690.0,4123.2,3505.55,3660.02,5908.32335,1506297599999,22501242.65454204,56785,2821.438887,10711864.12380805,0,2017-09-24 23:59:59,2017-09-18,3690.0,4123.2,3505.55,3660.02,22501242.65454204,56785,2821.438887,10711864.12380805,5908.32335,18,9,2017,0,0,24,9,2017,23,59
2017-09-25,3660.02,4406.52,3653.69,4378.48,5782.305424,1506902399999,23750419.76839855,71484,2482.361367,10200163.49185349,0,2017-10-01 23:59:59,2017-09-25,3660.02,4406.52,3653.69,4378.48,23750419.76839855,71484,2482.361367,10200163.49185349,5782.305424,25,9,2017,0,0,1,10,2017,23,59
2017-10-02,4400.0,4658.0,4110.0,4640.0,4708.272956,1507507199999,20366578.25125568,59658,2077.80349,9008752.49455302,0,2017-10-08 23:59:59,2017-10-02,4400.0,4658.0,4110.0,4640.0,20366578.25125568,59658,2077.80349,9008752.49455302,4708.272956,2,10,2017,0,0,8,10,2017,23,59
2017-10-09,4640.0,5922.3,4550.0,5709.99,7913.925837,1508111999999,42038755.95644524,61638,4280.127269,22483871.99105491,0,2017-10-15 23:59:59,2017-10-09,4640.0,5922.3,4550.0,5709.99,42038755.95644524,61638,4280.127269,22483871.99105491,7913.925837,9,10,2017,0,0,15,10,2017,23,59
2017-10-16,5710.0,6171.0,5037.95,5950.02,12157.769447,1508716799999,69446644.86619961,75969,5501.9124,31411073.98003196,0,2017-10-22 23:59:59,2017-10-16,5710.0,6171.0,5037.95,5950.02,69446644.86619961,75969,5501.9124,31411073.98003196,12157.769447,16,10,2017,0,0,22,10,2017,23,59
2017-10-23,5975.0,6189.88,5286.98,6169.98,13133.99457,1509321599999,75229774.73890872,74778,5845.143252,33499318.44481458,0,2017-10-29 23:59:59,2017-10-23,5975.0,6189.88,5286.98,6169.98,75229774.73890872,74778,5845.143252,33499318.44481458,13133.99457,23,10,2017,0,0,29,10,2017,23,59
2017-10-30,6133.01,7590.25,6030.0,7345.01,11663.209648,1509926399999,79517426.5391578,98387,5037.950811,34445720.64501364,0,2017-11-05 23:59:59,2017-10-30,6133.01,7590.25,6030.0,7345.01,79517426.5391578,98387,5037.950811,34445720.64501364,11663.209648,30,10,2017,0,0,5,11,2017,23,59
2017-11-06,7345.1,7770.02,5325.01,5811.03,18916.3199,1510531199999,126612916.75463176,132654,8296.83946,55517892.65634026,0,2017-11-12 23:59:59,2017-11-06,7345.1,7770.02,5325.01,5811.03,126612916.75463176,132654,8296.83946,55517892.65634026,18916.3199,6,11,2017,0,0,12,11,2017,23,59
2017-11-13,5839.94,8123.15,5699.99,8038.0,19791.101011,1511135999999,146293856.48316985,107207,9966.297735,73714925.58366317,0,2017-11-19 23:59:59,2017-11-13,5839.94,8123.15,5699.99,8038.0,146293856.48316985,107207,9966.297735,73714925.58366317,19791.101011,13,11,2017,0,0,19,11,2017,23,59
2017-11-20,8057.11,9350.0,7801.0,9128.02,28921.859792,1511740799999,240238717.93883663,129930,14522.913389,120677884.10182004,0,2017-11-26 23:59:59,2017-11-20,8057.11,9350.0,7801.0,9128.02,240238717.93883663,129930,14522.913389,120677884.10182004,28921.859792,20,11,2017,0,0,26,11,2017,23,59
2017-11-27,9128.0,11825.0,8520.0,11165.41,48427.94965,1512345599999,493261876.5247408,232180,27122.187731,276199673.0556042,0,2017-12-03 23:59:59,2017-11-27,9128.0,11825.0,8520.0,11165.41,493261876.5247408,232180,27122.187731,276199673.0556042,48427.94965,27,11,2017,0,0,3,12,2017,23,59
2017-12-04,11165.41,17204.99,10802.0,14899.98,72469.977627,1512950399999,1022228203.7964908,393420,42089.109532,596373967.6702242,0,2017-12-10 23:59:59,2017-12-04,11165.41,17204.99,10802.0,14899.98,1022228203.7964908,393420,42089.109532,596373967.6702242,72469.977627,4,12,2017,0,0,10,12,2017,23,59
2017-12-11,14946.26,19798.68,14666.56,18860.02,67851.486215,1513555199999,1143594375.3765807,539238,33646.705468,566603311.0514766,0,2017-12-17 23:59:59,2017-12-11,14946.26,19798.68,14666.56,18860.02,1143594375.3765807,539238,33646.705468,566603311.0514766,67851.486215,11,12,2017,0,0,17,12,2017,23,59
2017-12-18,18860.04,19300.0,10961.0,13500.0,135385.440322,1514159999999,1998479799.1145616,1007841,67305.696474,989270027.7844435,0,2017-12-24 23:59:59,2017-12-18,18860.04,19300.0,10961.0,13500.0,1998479799.1145616,1007841,67305.696474,989270027.7844435,135385.440322,18,12,2017,0,0,24,12,2017,23,59
2017-12-25,13500.0,16498.05,11750.0,13716.36,116522.754321,1514764799999,1636613418.331648,1040980,62664.766575,882011540.5347854,0,2017-12-31 23:59:59,2017-12-25,13500.0,16498.05,11750.0,13716.36,1636613418.331648,1040980,62664.766575,882011540.5347854,116522.754321,25,12,2017,0,0,31,12,2017,23,59
2018-01-01,13715.65,17176.24,12750.0,16150.03,120239.399359,1515369599999,1828148890.8541193,1087900,68117.139059,1037992795.2494292,0,2018-01-07 23:59:59,2018-01-01,13715.65,17176.24,12750.0,16150.03,1828148890.8541193,1087900,68117.139059,1037992795.2494292,120239.399359,1,1,2018,0,0,7,1,2018,23,59
2018-01-08,16218.85,16322.3,11400.0,13474.99,137537.904565,1515974399999,1919927016.0206213,1176645,67529.525725,944460208.0227352,0,2018-01-14 23:59:59,2018-01-08,16218.85,16322.3,11400.0,13474.99,1919927016.0206213,1176645,67529.525725,944460208.0227352,137537.904565,8,1,2018,0,0,14,1,2018,23,59
2018-01-15,13477.98,14249.99,9035.0,11530.0,303127.502137,1516579199999,3434833014.703798,2359135,148847.018392,1689262267.4451878,0,2018-01-21 23:59:59,2018-01-15,13477.98,14249.99,9035.0,11530.0,3434833014.703798,2359135,148847.018392,1689262267.4451878,303127.502137,15,1,2018,0,0,21,1,2018,23,59
2018-01-22,11530.0,12244.0,9900.24,11879.95,198030.051117,1517183999999,2184045152.4962206,1961464,95219.664176,1049772766.2931716,0,2018-01-28 23:59:59,2018-01-22,11530.0,12244.0,9900.24,11879.95,2184045152.4962206,1961464,95219.664176,1049772766.2931716,198030.051117,22,1,2018,0,0,28,1,2018,23,59
2018-01-29,11879.95,11975.02,7930.0,8184.81,202016.407759,1517788799999,1896352538.670673,2082917,92718.819101,870670207.3273915,0,2018-02-04 23:59:59,2018-01-29,11879.95,11975.02,7930.0,8184.81,1896352538.670673,2082917,92718.819101,870670207.3273915,202016.407759,29,1,2018,0,0,4,2,2018,23,59
2018-02-05,8179.99,9065.78,6000.01,8063.88,340794.292131,1518393599999,2608962030.9285064,3182111,168442.580269,1292031857.368014,0,2018-02-11 23:59:59,2018-02-05,8179.99,9065.78,6000.01,8063.88,2608962030.9285064,3182111,168442.580269,1292031857.368014,340794.292131,5,2,2018,0,0,11,2,2018,23,59
2018-02-12,8063.82,11274.0,8053.0,10383.43,311863.068137,1518998399999,3026660454.8544908,3359228,152843.460787,1483899407.007015,0,2018-02-18 23:59:59,2018-02-12,8063.82,11274.0,8053.0,10383.43,3026660454.8544908,3359228,152843.460787,1483899407.007015,311863.068137,12,2,2018,0,0,18,2,2018,23,59
2018-02-19,10375.01,11786.01,9274.8,9590.0,350623.132911,1519603199999,3657589238.5328994,2886657,170833.284427,1784040709.7246325,0,2018-02-25 23:59:59,2018-02-19,10375.01,11786.01,9274.8,9590.0,3657589238.5328994,2886657,170833.284427,1784040709.7246325,350623.132911,19,2,2018,0,0,25,2,2018,23,59
2018-02-26,9590.0,11565.0,9350.0,11515.0,183970.997614,1520207999999,1967477246.427072,1604626,90364.521285,967157347.6870904,0,2018-03-04 23:59:59,2018-02-26,9590.0,11565.0,9350.0,11515.0,1967477246.427072,1604626,90364.521285,967157347.6870904,183970.997614,26,2,2018,0,0,4,3,2018,23,59
2018-03-05,11515.0,11710.0,8329.0,9533.57,282035.225382,1520812799999,2719942892.647309,2232004,135387.477047,1305861453.0105894,0,2018-03-11 23:59:59,2018-03-05,11515.0,11710.0,8329.0,9533.57,2719942892.647309,2232004,135387.477047,1305861453.0105894,282035.225382,5,3,2018,0,0,11,3,2018,23,59
2018-03-12,9533.57,9888.88,7322.0,8189.99,315835.151606,1521417599999,2657745291.1090126,2450216,152466.846927,1282773546.0090988,0,2018-03-18 23:59:59,2018-03-12,9533.57,9888.88,7322.0,8189.99,2657745291.1090126,2450216,152466.846927,1282773546.0090988,315835.151606,12,3,2018,0,0,18,3,2018,23,59
2018-03-19,8189.0,9177.01,8088.4,8470.15,285211.539511,1522022399999,2464528929.9149055,1993351,140515.572258,1214424116.234222,0,2018-03-25 23:59:59,2018-03-19,8189.0,9177.01,8088.4,8470.15,2464528929.9149055,1993351,140515.572258,1214424116.234222,285211.539511,19,3,2018,0,0,25,3,2018,23,59
2018-03-26,8470.14,8514.89,6430.0,6813.01,308729.492031,1522627199999,2276980709.5920525,2021451,150619.592562,1110640017.957367,0,2018-04-01 23:59:59,2018-03-26,8470.14,8514.89,6430.0,6813.01,2276980709.5920525,2021451,150619.592562,1110640017.957367,308729.492031,26,3,2018,0,0,1,4,2018,23,59
2018-04-02,6813.01,7520.0,6500.0,7018.0,232320.070499,1523231999999,1616723766.0660725,1464142,116325.454625,809573460.5723698,0,2018-04-08 23:59:59,2018-04-02,6813.01,7520.0,6500.0,7018.0,1616723766.0660725,1464142,116325.454625,809573460.5723698,232320.070499,2,4,2018,0,0,8,4,2018,23,59
2018-04-09,7011.04,8429.54,6611.0,8355.0,259877.022414,1523836799999,1959208437.53564,1648802,132620.416417,999880218.1401192,0,2018-04-15 23:59:59,2018-04-09,7011.04,8429.54,6611.0,8355.0,1959208437.53564,1648802,132620.416417,999880218.1401192,259877.022414,9,4,2018,0,0,15,4,2018,23,59
2018-04-16,8355.07,9035.0,7825.4,8787.02,233025.38619,1524441599999,1952372499.3863933,1643201,119054.126872,998226476.1990867,0,2018-04-22 23:59:59,2018-04-16,8355.07,9035.0,7825.4,8787.02,1952372499.3863933,1643201,119054.126872,998226476.1990867,233025.38619,16,4,2018,0,0,22,4,2018,23,59
2018-04-23,8785.7,9759.82,8651.62,9419.0,306668.07214,1525046399999,2812613536.4815598,2118018,155630.17935,1428135299.5043876,0,2018-04-29 23:59:59,2018-04-23,8785.7,9759.82,8651.62,9419.0,2812613536.4815598,2118018,155630.17935,1428135299.5043876,306668.07214,23,4,2018,0,0,29,4,2018,23,59
2018-04-30,9417.04,10020.0,8800.49,9659.01,222274.38854,1525651199999,2089890919.3001027,1677081,113653.80355,1069078899.1806284,0,2018-05-06 23:59:59,2018-04-30,9417.04,10020.0,8800.49,9659.01,2089890919.3001027,1677081,113653.80355,1069078899.1806284,222274.38854,30,4,2018,0,0,6,5,2018,23,59
2018-05-07,9661.02,9689.67,8153.0,8679.71,224151.298751,1526255999999,1995981257.4347427,1724758,110160.48336,981712737.9152083,0,2018-05-13 23:59:59,2018-05-07,9661.02,9689.67,8153.0,8679.71,1995981257.4347427,1724758,110160.48336,981712737.9152083,224151.298751,7,5,2018,0,0,13,5,2018,23,59
2018-05-14,8679.71,8879.99,7911.9,8526.98,182713.826012,1526860799999,1528659945.0791533,1744095,92219.281361,771701096.8068593,0,2018-05-20 23:59:59,2018-05-14,8679.71,8879.99,7911.9,8526.98,1528659945.0791533,1744095,92219.281361,771701096.8068593,182713.826012,14,5,2018,0,0,20,5,2018,23,59
2018-05-21,8526.97,8595.31,7231.11,7338.99,190894.600939,1527465599999,1473706966.3342865,1586528,96911.186832,747911310.861222,0,2018-05-27 23:59:59,2018-05-21,8526.97,8595.31,7231.11,7338.99,1473706966.3342865,1586528,96911.186832,747911310.861222,190894.600939,21,5,2018,0,0,27,5,2018,23,59
2018-05-28,7338.99,7786.69,7032.95,7714.26,211929.270766,1528070399999,1580400448.729519,1930065,117482.54749,876505422.238246,0,2018-06-03 23:59:59,2018-05-28,7338.99,7786.69,7032.95,7714.26,1580400448.729519,1930065,117482.54749,876505422.238246,211929.270766,28,5,2018,0,0,3,6,2018,23,59
2018-06-04,7714.26,7765.0,6622.81,6764.99,211352.737478,1528675199999,1574558979.8373327,2117420,114201.834413,852642290.7888799,0,2018-06-10 23:59:59,2018-06-04,7714.26,7765.0,6622.81,6764.99,1574558979.8373327,2117420,114201.834413,852642290.7888799,211352.737478,4,6,2018,0,0,10,6,2018,23,59
2018-06-11,6765.0,6922.0,6118.68,6449.61,234080.841171,1529279999999,1532387822.7080855,1406168,127373.609653,833996575.3197141,0,2018-06-17 23:59:59,2018-06-11,6765.0,6922.0,6118.68,6449.61,1532387822.7080855,1406168,127373.609653,833996575.3197141,234080.841171,11,6,2018,0,0,17,6,2018,23,59
2018-06-18,6444.06,6841.74,5750.0,6136.97,234147.621015,1529884799999,1493387501.4582708,1413795,125738.642241,802333822.6810286,0,2018-06-24 23:59:59,2018-06-18,6444.06,6841.74,5750.0,6136.97,1493387501.4582708,1413795,125738.642241,802333822.6810286,234147.621015,18,6,2018,0,0,24,6,2018,23,59
2018-06-25,6137.95,6528.99,5780.0,6356.81,207746.559006,1530489599999,1282960927.4924057,1214054,112957.360973,697781325.5983218,0,2018-07-01 23:59:59,2018-06-25,6137.95,6528.99,5780.0,6356.81,1282960927.4924057,1214054,112957.360973,697781325.5983218,207746.559006,25,6,2018,0,0,1,7,2018,23,59
2018-07-02,6360.82,6818.16,6271.62,6712.1,211526.019058,1531094399999,1393368254.076007,1322891,113263.789294,746176284.2175087,0,2018-07-08 23:59:59,2018-07-02,6360.82,6818.16,6271.62,6712.1,1393368254.076007,1322891,113263.789294,746176284.2175087,211526.019058,2,7,2018,0,0,8,7,2018,23,59
2018-07-09,6712.1,6802.06,6070.0,6353.01,192452.84988,1531699199999,1225870847.4731443,1007888,101995.657579,649868285.8353192,0,2018-07-15 23:59:59,2018-07-09,6712.1,6802.06,6070.0,6353.01,1225870847.4731443,1007888,101995.657579,649868285.8353192,192452.84988,9,7,2018,0,0,15,7,2018,23,59
2018-07-16,6354.15,7700.0,6330.4,7394.79,294313.222604,1532303999999,2128249956.9973235,1602460,159598.815591,1153467423.232659,0,2018-07-22 23:59:59,2018-07-16,6354.15,7700.0,6330.4,7394.79,2128249956.9973235,1602460,159598.815591,1153467423.232659,294313.222604,16,7,2018,0,0,22,7,2018,23,59
2018-07-23,7394.78,8491.77,7375.0,8211.0,288666.047141,1532908799999,2332298260.584472,1575619,154924.100889,1251512994.1975667,0,2018-07-29 23:59:59,2018-07-23,7394.78,8491.77,7375.0,8211.0,2332298260.584472,1575619,154924.100889,1251512994.1975667,288666.047141,23,7,2018,0,0,29,7,2018,23,59
2018-07-30,8210.99,8273.0,6882.29,7024.19,282090.103584,1533513599999,2132225331.2656572,1404398,147829.462036,1117308216.0366144,0,2018-08-05 23:59:59,2018-07-30,8210.99,8273.0,6882.29,7024.19,2132225331.2656572,1404398,147829.462036,1117308216.0366144,282090.103584,30,7,2018,0,0,5,8,2018,23,59
2018-08-06,7024.19,7160.0,5971.0,6308.33,334426.550743,1534118399999,2169762287.520261,1694989,178067.433497,1155504235.7897973,0,2018-08-12 23:59:59,2018-08-06,7024.19,7160.0,5971.0,6308.33,2169762287.520261,1694989,178067.433497,1155504235.7897973,334426.550743,6,8,2018,0,0,12,8,2018,23,59
2018-08-13,6308.56,6620.0,5880.0,6477.53,378189.296487,1534723199999,2401304850.578152,1813570,205461.829251,1305711344.9519367,0,2018-08-19 23:59:59,2018-08-13,6308.56,6620.0,5880.0,6477.53,2401304850.578152,1813570,205461.829251,1305711344.9519367,378189.296487,13,8,2018,0,0,19,8,2018,23,59
2018-08-20,6477.53,6882.54,6220.0,6700.0,286906.539311,1535327999999,1870078552.6344423,1365251,153261.481987,999056900.5077469,0,2018-08-26 23:59:59,2018-08-20,6477.53,6882.54,6220.0,6700.0,1870078552.6344423,1365251,153261.481987,999056900.5077469,286906.539311,20,8,2018,0,0,26,8,2018,23,59
2018-08-27,6700.0,7345.45,6646.5,7302.01,294674.913005,1535932799999,2064905776.2196648,1542804,162766.585323,1140746641.753713,0,2018-09-02 23:59:59,2018-08-27,6700.0,7345.45,6646.5,7302.01,2064905776.2196648,1542804,162766.585323,1140746641.753713,294674.913005,27,8,2018,0,0,2,9,2018,23,59
2018-09-03,7302.0,7410.0,6111.0,6250.81,306231.623424,1536537599999,2060238359.3451552,1498673,162645.087167,1094083907.5346687,0,2018-09-09 23:59:59,2018-09-03,7302.0,7410.0,6111.0,6250.81,2060238359.3451552,1498673,162645.087167,1094083907.5346687,306231.623424,3,9,2018,0,0,9,9,2018,23,59
2018-09-10,6252.26,6584.99,6169.68,6505.0,227428.182854,1537142399999,1455546755.8541198,1205506,124604.749749,797441407.4796013,0,2018-09-16 23:59:59,2018-09-10,6252.26,6584.99,6169.68,6505.0,1455546755.8541198,1205506,124604.749749,797441407.4796013,227428.182854,10,9,2018,0,0,16,9,2018,23,59
2018-09-17,6500.08,6839.03,6123.0,6708.0,244256.490121,1537747199999,1590443498.5932746,1324448,133037.201025,867030374.8525662,0,2018-09-23 23:59:59,2018-09-17,6500.08,6839.03,6123.0,6708.0,1590443498.5932746,1324448,133037.201025,867030374.8525662,244256.490121,17,9,2018,0,0,23,9,2018,23,59
2018-09-24,6706.81,6814.8,6325.02,6626.57,242598.872471,1538351999999,1592066012.4053092,1308413,132133.994449,867418937.7181212,0,2018-09-30 23:59:59,2018-09-24,6706.81,6814.8,6325.02,6626.57,1592066012.4053092,1308413,132133.994449,867418937.7181212,242598.872471,24,9,2018,0,0,30,9,2018,23,59
2018-10-01,6626.57,6697.0,6430.0,6615.26,141836.476483,1538956799999,931813926.7749727,756048,75129.021229,493650263.5606893,0,2018-10-07 23:59:59,2018-10-01,6626.57,6697.0,6430.0,6615.26,931813926.7749727,756048,75129.021229,493650263.5606893,141836.476483,1,10,2018,0,0,7,10,2018,23,59
2018-10-08,6615.26,6715.6,6205.0,6339.34,166310.813544,1539561599999,1068868812.2791336,943296,83637.704957,537339332.3062356,0,2018-10-14 23:59:59,2018-10-08,6615.26,6715.6,6205.0,6339.34,1068868812.2791336,943296,83637.704957,537339332.3062356,166310.813544,8,10,2018,0,0,14,10,2018,23,59
2018-10-15,6339.34,7680.0,6300.0,6590.11,211592.623139,1540166399999,1434684785.8510528,1219900,110449.445938,748403217.7947539,0,2018-10-21 23:59:59,2018-10-15,6339.34,7680.0,6300.0,6590.11,1434684785.8510528,1219900,110449.445938,748403217.7947539,211592.623139,15,10,2018,0,0,21,10,2018,23,59
2018-10-22,6590.12,6639.0,6453.0,6489.93,75328.885385,1540771199999,494030438.1477376,591416,37842.154173,248174269.69773,0,2018-10-28 23:59:59,2018-10-22,6590.12,6639.0,6453.0,6489.93,494030438.1477376,591416,37842.154173,248174269.69773,75328.885385,22,10,2018,0,0,28,10,2018,23,59
2018-10-29,6489.93,6525.0,6245.02,6485.85,71945.400607,1541375999999,459573574.67943704,751373,35995.809099,229999405.96208155,0,2018-11-04 23:59:59,2018-10-29,6489.93,6525.0,6245.02,6485.85,459573574.67943704,751373,35995.809099,229999405.96208155,71945.400607,29,10,2018,0,0,4,11,2018,23,59
2018-11-05,6485.85,6615.15,6355.0,6449.81,76161.78188,1541980799999,494186439.10114735,874399,37227.070988,241607389.171258,0,2018-11-11 23:59:59,2018-11-05,6485.85,6615.15,6355.0,6449.81,494186439.10114735,874399,37227.070988,241607389.171258,76161.78188,5,11,2018,0,0,11,11,2018,23,59
2018-11-12,6450.71,6498.0,5403.42,5662.0,205081.183938,1542585599999,1193362837.9036088,1444633,104591.347428,607459146.8231884,0,2018-11-18 23:59:59,2018-11-12,6450.71,6498.0,5403.42,5662.0,1193362837.9036088,1444633,104591.347428,607459146.8231884,205081.183938,12,11,2018,0,0,18,11,2018,23,59
2018-11-19,5661.94,5664.0,3652.66,4085.78,496323.79998,1543190399999,2227689691.7363706,2388695,252770.919497,1133924485.1757271,0,2018-11-25 23:59:59,2018-11-19,5661.94,5664.0,3652.66,4085.78,2227689691.7363706,2388695,252770.919497,1133924485.1757271,496323.79998,19,11,2018,0,0,25,11,2018,23,59
2018-11-26,4088.69,4450.38,3689.12,4161.01,479459.914101,1543795199999,1958215351.3719673,2077042,244698.73129,999025189.3848451,0,2018-12-02 23:59:59,2018-11-26,4088.69,4450.38,3689.12,4161.01,1958215351.3719673,2077042,244698.73129,999025189.3848451,479459.914101,26,11,2018,0,0,2,12,2018,23,59
2018-12-03,4160.55,4179.0,3222.0,3545.37,406435.817854,1544399999999,1482749121.2938979,1782210,200855.63772,731690242.3146307,0,2018-12-09 23:59:59,2018-12-03,4160.55,4179.0,3222.0,3545.37,1482749121.2938979,1782210,200855.63772,731690242.3146307,406435.817854,3,12,2018,0,0,9,12,2018,23,59
2018-12-10,3548.49,3610.0,3156.26,3228.67,249791.790787,1545004799999,836152010.4252874,1117299,128558.200825,430325194.84914047,0,2018-12-16 23:59:59,2018-12-10,3548.49,3610.0,3156.26,3228.67,836152010.4252874,1117299,128558.200825,430325194.84914047,249791.790787,10,12,2018,0,0,16,12,2018,23,59
2018-12-17,3229.22,4139.99,3216.0,3929.71,489096.741158,1545609599999,1847572336.3309004,2458532,251707.60083,950479898.4100616,0,2018-12-23 23:59:59,2018-12-17,3229.22,4139.99,3216.0,3929.71,1847572336.3309004,2458532,251707.60083,950479898.4100616,489096.741158,17,12,2018,0,0,23,12,2018,23,59
2018-12-24,3929.71,4198.0,3535.0,3801.91,332161.255442,1546214399999,1265644273.2709773,2002072,170607.638623,650229120.2697738,0,2018-12-30 23:59:59,2018-12-24,3929.71,4198.0,3535.0,3801.91,1265644273.2709773,2002072,170607.638623,650229120.2697738,332161.255442,24,12,2018,0,0,30,12,2018,23,59
2018-12-31,3803.12,4027.71,3630.33,3987.6,214860.906242,1546819199999,814657329.2561297,1399286,111418.739855,422523453.01183784,0,2019-01-06 23:59:59,2018-12-31,3803.12,4027.71,3630.33,3987.6,814657329.2561297,1399286,111418.739855,422523453.01183784,214860.906242,31,12,2018,0,0,6,1,2019,23,59
2019-01-07,3987.62,4069.8,3441.3,3476.81,245887.277948,1547423999999,927969289.1543043,1671905,124970.359508,471682333.5219489,0,2019-01-13 23:59:59,2019-01-07,3987.62,4069.8,3441.3,3476.81,927969289.1543043,1671905,124970.359508,471682333.5219489,245887.277948,7,1,2019,0,0,13,1,2019,23,59
2019-01-14,3477.56,3720.0,3467.02,3539.28,199395.792965,1548028799999,716452001.8777007,1441654,103959.69592,373598006.9521006,0,2019-01-20 23:59:59,2019-01-14,3477.56,3720.0,3467.02,3539.28,716452001.8777007,1441654,103959.69592,373598006.9521006,199395.792965,14,1,2019,0,0,20,1,2019,23,59
2019-01-21,3539.26,3662.94,3434.85,3550.84,154566.450861,1548633599999,549194588.0437919,1163997,81698.386968,290345796.5722132,0,2019-01-27 23:59:59,2019-01-21,3539.26,3662.94,3434.85,3550.84,549194588.0437919,1163997,81698.386968,290345796.5722132,154566.450861,21,1,2019,0,0,27,1,2019,23,59
2019-01-28,3550.05,3557.75,3349.92,3458.11,186574.105423,1549238399999,642262558.3385054,1288715,97908.231382,337075608.1135758,0,2019-02-03 23:59:59,2019-01-28,3550.05,3557.75,3349.92,3458.11,642262558.3385054,1288715,97908.231382,337075608.1135758,186574.105423,28,1,2019,0,0,3,2,2019,23,59
2019-02-04,3458.11,3733.58,3373.1,3680.06,198350.673988,1549843199999,696930950.5751892,1313535,105210.165813,369766481.672234,0,2019-02-10 23:59:59,2019-02-04,3458.11,3733.58,3373.1,3680.06,696930950.5751892,1313535,105210.165813,369766481.672234,198350.673988,4,2,2019,0,0,10,2,2019,23,59
2019-02-11,3679.75,3700.11,3568.11,3667.58,167995.805139,1550447999999,608476271.5498095,1174687,86820.014036,314505971.7625756,0,2019-02-17 23:59:59,2019-02-11,3679.75,3700.11,3568.11,3667.58,608476271.5498095,1174687,86820.014036,314505971.7625756,167995.805139,11,2,2019,0,0,17,2,2019,23,59
2019-02-18,3667.62,4198.0,3655.0,3743.56,301384.22226,1551052799999,1179944577.934646,2007272,158582.458938,621066468.496934,0,2019-02-24 23:59:59,2019-02-18,3667.62,4198.0,3655.0,3743.56,1179944577.934646,2007272,158582.458938,621066468.496934,301384.22226,18,2,2019,0,0,24,2,2019,23,59
2019-02-25,3743.56,3888.0,3677.17,3807.75,190343.246726,1551657599999,726304516.1142128,1369483,100202.783902,382423582.1504192,0,2019-03-03 23:59:59,2019-02-25,3743.56,3888.0,3677.17,3807.75,726304516.1142128,1369483,100202.783902,382423582.1504192,190343.246726,25,2,2019,0,0,3,3,2019,23,59
2019-03-04,3807.32,3971.75,3670.69,3916.82,207833.42997,1552262399999,799736773.6725283,1353003,109422.648077,421085582.83566606,0,2019-03-10 23:59:59,2019-03-04,3807.32,3971.75,3670.69,3916.82,799736773.6725283,1353003,109422.648077,421085582.83566606,207833.42997,4,3,2019,0,0,10,3,2019,23,59
2019-03-11,3915.99,4056.98,3810.43,3981.14,185620.344813,1552867199999,725510328.9612995,1303041,97860.697076,382600175.7253476,0,2019-03-17 23:59:59,2019-03-11,3915.99,4056.98,3810.43,3981.14,725510328.9612995,1303041,97860.697076,382600175.7253476,185620.344813,11,3,2019,0,0,17,3,2019,23,59
2019-03-18,3981.85,4069.32,3880.01,3992.18,156283.263483,1553471999999,624615988.9141761,1144351,82285.46168,328906486.03261286,0,2019-03-24 23:59:59,2019-03-18,3981.85,4069.32,3880.01,3992.18,624615988.9141761,1144351,82285.46168,328906486.03261286,156283.263483,18,3,2019,0,0,24,3,2019,23,59
2019-03-25,3991.35,4140.0,3888.71,4103.95,178114.875049,1554076799999,715252731.25725,1291861,95038.232634,381686902.03996086,0,2019-03-31 23:59:59,2019-03-25,3991.35,4140.0,3888.71,4103.95,715252731.25725,1291861,95038.232634,381686902.03996086,178114.875049,25,3,2019,0,0,31,3,2019,23,59
2019-04-01,4102.44,5275.01,4067.0,5170.27,420989.968738,1554681599999,2046260260.7283068,2752257,218356.595057,1061192535.290974,0,2019-04-07 23:59:59,2019-04-01,4102.44,5275.01,4067.0,5170.27,2046260260.7283068,2752257,218356.595057,1061192535.290974,420989.968738,1,4,2019,0,0,7,4,2019,23,59
2019-04-08,5170.27,5422.0,4861.22,5131.3,247866.407405,1555286399999,1271184321.404522,1730890,125805.460334,645400980.7343466,0,2019-04-14 23:59:59,2019-04-08,5170.27,5422.0,4861.22,5131.3,1271184321.404522,1730890,125805.460334,645400980.7343466,247866.407405,8,4,2019,0,0,14,4,2019,23,59
2019-04-15,5131.28,5333.42,4950.0,5256.14,168555.911745,1555891199999,875025579.9790536,1265816,87318.997448,453504194.8054004,0,2019-04-21 23:59:59,2019-04-15,5131.28,5333.42,4950.0,5256.14,875025579.9790536,1265816,87318.997448,453504194.8054004,168555.911745,15,4,2019,0,0,21,4,2019,23,59
2019-04-22,5257.41,5600.0,5102.0,5307.52,247392.823904,1556495999999,1329057592.8265839,1770258,122046.098883,655730729.8508624,0,2019-04-28 23:59:59,2019-04-22,5257.41,5600.0,5102.0,5307.52,1329057592.8265839,1770258,122046.098883,655730729.8508624,247392.823904,22,4,2019,0,0,28,4,2019,23,59
2019-04-29,5309.81,5900.0,5178.8,5775.62,191971.589975,1557100799999,1069857115.7025936,1509653,101647.467454,566499085.9991745,0,2019-05-05 23:59:59,2019-04-29,5309.81,5900.0,5178.8,5775.62,1069857115.7025936,1509653,101647.467454,566499085.9991745,191971.589975,29,4,2019,0,0,5,5,2019,23,59
2019-05-06,5773.18,7521.78,5619.14,6967.31,313283.869612,1557705599999,2043228005.8768768,2443588,161392.340308,1052057366.9745364,0,2019-05-12 23:59:59,2019-05-06,5773.18,7521.78,5619.14,6967.31,2043228005.8768768,2443588,161392.340308,1052057366.9745364,313283.869612,6,5,2019,0,0,12,5,2019,23,59
2019-05-13,6968.24,8366.0,6870.0,8148.48,461287.694139,1558310399999,3556014747.6342974,4024823,239183.088298,1843817300.2739549,0,2019-05-19 23:59:59,2019-05-13,6968.24,8366.0,6870.0,8148.48,3556014747.6342974,4024823,239183.088298,1843817300.2739549,461287.694139,13,5,2019,0,0,19,5,2019,23,59
2019-05-20,8147.94,8740.0,7461.0,8614.43,341677.39881,1558915199999,2706217167.1788926,3145385,178794.67382,1416599106.0840995,0,2019-05-26 23:59:59,2019-05-20,8147.94,8740.0,7461.0,8614.43,2706217167.1788926,3145385,178794.67382,1416599106.0840995,341677.39881,20,5,2019,0,0,26,5,2019,23,59
2019-05-27,8612.54,9074.26,8005.0,8725.98,292049.043812,1559519999999,2508992950.944476,2861807,151337.375247,1300617022.723026,0,2019-06-02 23:59:59,2019-05-27,8612.54,9074.26,8005.0,8725.98,2508992950.944476,2861807,151337.375247,1300617022.723026,292049.043812,27,5,2019,0,0,2,6,2019,23,59
2019-06-03,8726.0,8800.95,7444.58,7628.13,293308.709696,1560124799999,2321265141.037009,2770905,149688.738496,1184496681.3057811,0,2019-06-09 23:59:59,2019-06-03,8726.0,8800.95,7444.58,7628.13,2321265141.037009,2770905,149688.738496,1184496681.3057811,293308.709696,3,6,2019,0,0,9,6,2019,23,59
2019-06-10,7627.57,9333.0,7511.0,8953.33,274072.058371,1560729599999,2290974623.73244,2697695,146184.888553,1222114795.747996,0,2019-06-16 23:59:59,2019-06-10,7627.57,9333.0,7511.0,8953.33,2290974623.73244,2697695,146184.888553,1222114795.747996,274072.058371,10,6,2019,0,0,16,6,2019,23,59
2019-06-17,8953.0,11392.64,8950.0,10906.07,378253.003065,1561334399999,3761392791.5937366,3524367,202221.605284,2010341662.0274785,0,2019-06-23 23:59:59,2019-06-17,8953.0,11392.64,8950.0,10906.07,3761392791.5937366,3524367,202221.605284,2010341662.0274785,378253.003065,17,6,2019,0,0,23,6,2019,23,59
2019-06-24,10905.95,13970.0,10525.1,10854.1,684152.508772,1561939199999,8152194088.574194,6076896,339606.940791,4044614402.4459095,0,2019-06-30 23:59:59,2019-06-24,10905.95,13970.0,10525.1,10854.1,8152194088.574194,6076896,339606.940791,4044614402.4459095,684152.508772,24,6,2019,0,0,30,6,2019,23,59
2019-07-01,10854.1,12000.0,9727.0,11406.24,517740.071693,1562543999999,5704614704.935865,4488545,262808.165438,2897941314.5346932,0,2019-07-07 23:59:59,2019-07-01,10854.1,12000.0,9727.0,11406.24,5704614704.935865,4488545,262808.165438,2897941314.5346932,517740.071693,1,7,2019,0,0,7,7,2019,23,59
2019-07-08,11410.0,13147.08,10103.0,10174.18,510462.035678,1563148799999,6013145209.00872,4524490,252017.796293,2963114441.6508718,0,2019-07-14 23:59:59,2019-07-08,11410.0,13147.08,10103.0,10174.18,6013145209.00872,4524490,252017.796293,2963114441.6508718,510462.035678,8,7,2019,0,0,14,7,2019,23,59
2019-07-15,10174.18,11100.0,9060.0,10589.45,487080.97263,1563753599999,4956031258.620161,4446262,248606.100002,2532426320.7492094,0,2019-07-21 23:59:59,2019-07-15,10174.18,11100.0,9060.0,10589.45,4956031258.620161,4446262,248606.100002,2532426320.7492094,487080.97263,15,7,2019,0,0,21,7,2019,23,59
2019-07-22,10590.15,10683.16,9165.0,9541.54,269819.325109,1564358399999,2669509015.232091,2603330,137240.620876,1357104450.0544214,0,2019-07-28 23:59:59,2019-07-22,10590.15,10683.16,9165.0,9541.54,2669509015.232091,2603330,137240.620876,1357104450.0544214,269819.325109,22,7,2019,0,0,28,7,2019,23,59
2019-07-29,9541.54,11040.0,9395.0,10929.23,259518.806019,1564963199999,2646182927.6158624,2454639,139171.738752,1419850922.3725567,0,2019-08-04 23:59:59,2019-07-29,9541.54,11040.0,9395.0,10929.23,2646182927.6158624,2454639,139171.738752,1419850922.3725567,259518.806019,29,7,2019,0,0,4,8,2019,23,59
2019-08-05,10929.99,12330.7,10927.8,11549.97,371072.857661,1565567999999,4345174154.729532,3431310,187065.5995,2193229174.8168306,0,2019-08-11 23:59:59,2019-08-05,10929.99,12330.7,10927.8,11549.97,4345174154.729532,3431310,187065.5995,2193229174.8168306,371072.857661,5,8,2019,0,0,11,8,2019,23,59
2019-08-12,11539.08,11577.89,9750.0,10306.78,248273.374665,1566172799999,2598294179.232416,2604915,121805.163712,1273541825.3955395,0,2019-08-18 23:59:59,2019-08-12,11539.08,11577.89,9750.0,10306.78,2598294179.232416,2604915,121805.163712,1273541825.3955395,248273.374665,12,8,2019,0,0,18,8,2019,23,59
2019-08-19,10306.17,10949.96,9762.0,10142.69,232472.053331,1566777599999,2394985938.2837667,2432098,117404.865076,1210303802.1581955,0,2019-08-25 23:59:59,2019-08-19,10306.17,10949.96,9762.0,10142.69,2394985938.2837667,2432098,117404.865076,1210303802.1581955,232472.053331,19,8,2019,0,0,25,8,2019,23,59
2019-08-26,10142.69,10604.0,9320.0,9724.98,211243.550288,1567382399999,2087949081.1662169,2073166,107817.760274,1066448383.8674998,0,2019-09-01 23:59:59,2019-08-26,10142.69,10604.0,9320.0,9724.98,2087949081.1662169,2073166,107817.760274,1066448383.8674998,211243.550288,26,8,2019,0,0,1,9,2019,23,59
2019-09-02,9723.59,10905.87,9712.5,10381.18,281075.664908,1567987199999,2937882776.0814943,2428631,143868.840953,1503526294.020558,0,2019-09-08 23:59:59,2019-09-02,9723.59,10905.87,9712.5,10381.18,2937882776.0814943,2428631,143868.840953,1503526294.020558,281075.664908,2,9,2019,0,0,8,9,2019,23,59
2019-09-09,10381.24,10480.0,9880.0,10302.01,207165.654458,1568591999999,2120624279.681872,1997832,105778.040214,1083587407.1258671,0,2019-09-15 23:59:59,2019-09-09,10381.24,10480.0,9880.0,10302.01,2120624279.681872,1997832,105778.040214,1083587407.1258671,207165.654458,9,9,2019,0,0,15,9,2019,23,59
2019-09-16,10303.34,10355.0,9653.0,10028.87,188644.199623,1569196799999,1906343743.6461413,2057228,91497.978088,925209651.663916,0,2019-09-22 23:59:59,2019-09-16,10303.34,10355.0,9653.0,10028.87,1906343743.6461413,2057228,91497.978088,925209651.663916,188644.199623,16,9,2019,0,0,22,9,2019,23,59
2019-09-23,10028.05,10049.99,7750.0,8043.82,364560.064744,1569801599999,3105752375.2290926,3159529,178726.653046,1519444753.8940117,0,2019-09-29 23:59:59,2019-09-23,10028.05,10049.99,7750.0,8043.82,3105752375.2290926,3159529,178726.653046,1519444753.8940117,364560.064744,23,9,2019,0,0,29,9,2019,23,59
2019-09-30,8043.04,8500.0,7710.0,7854.25,239136.795399,1570406399999,1946805026.6909652,2208581,120840.125358,984524929.6567504,0,2019-10-06 23:59:59,2019-09-30,8043.04,8500.0,7710.0,7854.25,1946805026.6909652,2208581,120840.125358,984524929.6567504,239136.795399,30,9,2019,0,0,6,10,2019,23,59
2019-10-07,7855.3,8779.51,7762.0,8275.01,281416.738734,1571011199999,2342638084.5951705,2895529,145080.333838,1207934231.7400978,0,2019-10-13 23:59:59,2019-10-07,7855.3,8779.51,7762.0,8275.01,2342638084.5951705,2895529,145080.333838,1207934231.7400978,281416.738734,7,10,2019,0,0,13,10,2019,23,59
2019-10-14,8275.24,8403.0,7816.01,8223.35,219241.792311,1571615999999,1772929260.866217,2668262,112838.714175,912749801.8500224,0,2019-10-20 23:59:59,2019-10-14,8275.24,8403.0,7816.01,8223.35,1772929260.866217,2668262,112838.714175,912749801.8500224,219241.792311,14,10,2019,0,0,20,10,2019,23,59
2019-10-21,8223.35,10370.0,7300.0,9529.93,508882.693756,1572220799999,4412131949.683101,4526652,257030.011678,2229638017.114717,0,2019-10-27 23:59:59,2019-10-21,8223.35,10370.0,7300.0,9529.93,4412131949.683101,4526652,257030.011678,2229638017.114717,508882.693756,21,10,2019,0,0,27,10,2019,23,59
2019-10-28,9528.23,9902.1,8913.0,9194.71,354362.744327,1572825599999,3288114749.7520494,3384382,178982.095422,1661266556.5461683,0,2019-11-03 23:59:59,2019-10-28,9528.23,9902.1,8913.0,9194.71,3288114749.7520494,3384382,178982.095422,1661266556.5461683,354362.744327,28,10,2019,0,0,3,11,2019,23,59
2019-11-04,9196.46,9513.68,8696.0,9039.47,294282.771612,1573430399999,2687414282.8702655,3021622,148860.351809,1360089028.678114,0,2019-11-10 23:59:59,2019-11-04,9196.46,9513.68,8696.0,9039.47,2687414282.8702655,3021622,148860.351809,1360089028.678114,294282.771612,4,11,2019,0,0,10,11,2019,23,59
2019-11-11,9040.16,9072.32,8350.68,8502.4,239532.02348,1574035199999,2074354316.3498197,2356345,119014.223517,1030757407.5748812,0,2019-11-17 23:59:59,2019-11-11,9040.16,9072.32,8350.68,8502.4,2074354316.3498197,2356345,119014.223517,1030757407.5748812,239532.02348,11,11,2019,0,0,17,11,2019,23,59
2019-11-18,8502.87,8503.52,6790.0,6903.28,422402.004703,1574639999999,3194974913.596575,3120213,206133.470661,1559362692.1678517,0,2019-11-24 23:59:59,2019-11-18,8502.87,8503.52,6790.0,6903.28,3194974913.596575,3120213,206133.470661,1559362692.1678517,422402.004703,18,11,2019,0,0,24,11,2019,23,59
2019-11-25,6900.23,7850.0,6515.0,7390.89,503259.064291,1575244799999,3668731159.5846167,3264670,256209.980709,1869473766.4721527,0,2019-12-01 23:59:59,2019-11-25,6900.23,7850.0,6515.0,7390.89,3668731159.5846167,3264670,256209.980709,1869473766.4721527,503259.064291,25,11,2019,0,0,1,12,2019,23,59
2019-12-02,7391.5,7750.0,7067.0,7510.11,331484.783716,1575849599999,2440899200.862577,2427841,170724.271214,1257580371.069795,0,2019-12-08 23:59:59,2019-12-02,7391.5,7750.0,7067.0,7510.11,2440899200.862577,2427841,170724.271214,1257580371.069795,331484.783716,2,12,2019,0,0,8,12,2019,23,59
2019-12-09,7510.11,7650.0,7008.35,7118.59,252294.980408,1576454399999,1829594877.050517,2190573,127270.300813,923173806.1768168,0,2019-12-15 23:59:59,2019-12-09,7510.11,7650.0,7008.35,7118.59,1829594877.050517,2190573,127270.300813,923173806.1768168,252294.980408,9,12,2019,0,0,15,12,2019,23,59
2019-12-16,7119.6,7518.54,6435.0,7501.44,339611.461697,1577059199999,2377549933.380773,2860673,172709.571844,1210313054.0680437,0,2019-12-22 23:59:59,2019-12-16,7119.6,7518.54,6435.0,7501.44,2377549933.380773,2860673,172709.571844,1210313054.0680437,339611.461697,16,12,2019,0,0,22,12,2019,23,59
2019-12-23,7500.71,7695.38,7076.42,7388.24,267312.086935,1577663999999,1960970043.8226128,2396048,135094.550472,991069301.2572511,0,2019-12-29 23:59:59,2019-12-23,7500.71,7695.38,7076.42,7388.24,1960970043.8226128,2396048,135094.550472,991069301.2572511,267312.086935,23,12,2019,0,0,29,12,2019,23,59
2019-12-30,7388.43,7495.0,6871.04,7358.75,241051.798444,1578268799999,1751045575.9710777,2156119,121873.001971,885720015.2966344,0,2020-01-05 23:59:59,2019-12-30,7388.43,7495.0,6871.04,7358.75,1751045575.9710777,2156119,121873.001971,885720015.2966344,241051.798444,30,12,2019,0,0,5,1,2020,23,59
2020-01-06,7357.64,8455.0,7346.76,8184.98,498017.846898,1578873599999,3978362245.8603854,3870321,251759.169431,2010996559.1729348,0,2020-01-12 23:59:59,2020-01-06,7357.64,8455.0,7346.76,8184.98,3978362245.8603854,3870321,251759.169431,2010996559.1729348,498017.846898,6,1,2020,0,0,12,1,2020,23,59
2020-01-13,8184.97,9198.98,8055.89,8701.7,468235.627496,1579478399999,4075229206.683569,4261834,235414.222952,2049350005.8211555,0,2020-01-19 23:59:59,2020-01-13,8184.97,9198.98,8055.89,8701.7,4075229206.683569,4261834,235414.222952,2049350005.8211555,468235.627496,13,1,2020,0,0,19,1,2020,23,59
2020-01-20,8701.72,8818.0,8238.0,8615.0,250977.001765,1580083199999,2139257584.5757425,2555857,126118.759014,1075142271.9489098,0,2020-01-26 23:59:59,2020-01-20,8701.72,8818.0,8238.0,8615.0,2139257584.5757425,2555857,126118.759014,1075142271.9489098,250977.001765,20,1,2020,0,0,26,1,2020,23,59
2020-01-27,8614.39,9578.0,8535.0,9331.51,362870.208388,1580687999999,3344610390.0331926,3363066,184662.89981,1701807651.7805812,0,2020-02-02 23:59:59,2020-01-27,8614.39,9578.0,8535.0,9331.51,3344610390.0331926,3363066,184662.89981,1701807651.7805812,362870.208388,27,1,2020,0,0,2,2,2020,23,59
2020-02-03,9331.59,10166.0,9093.01,10151.75,364995.864834,1581292799999,3508270140.595099,3998661,186210.537202,1790763589.1079078,0,2020-02-09 23:59:59,2020-02-03,9331.59,10166.0,9093.01,10151.75,3508270140.595099,3998661,186210.537202,1790763589.1079078,364995.864834,3,2,2020,0,0,9,2,2020,23,59
2020-02-10,10151.72,10500.0,9638.12,9917.27,427067.585189,1581897599999,4316211115.182317,5261096,210003.002568,2123331362.9499507,0,2020-02-16 23:59:59,2020-02-10,10151.72,10500.0,9638.12,9917.27,4316211115.182317,5261096,210003.002568,2123331362.9499507,427067.585189,10,2,2020,0,0,16,2,2020,23,59
2020-02-17,9910.7,10250.0,9350.0,9936.4,360700.467719,1582502399999,3518226163.3166637,3990113,180774.725596,1764164267.1888704,0,2020-02-23 23:59:59,2020-02-17,9910.7,10250.0,9350.0,9936.4,3518226163.3166637,3990113,180774.725596,1764164267.1888704,360700.467719,17,2,2020,0,0,23,2,2020,23,59
2020-02-24,9936.4,9990.0,8411.0,8531.88,426585.458707,1583107199999,3834682199.6015034,4278048,206135.583663,1852185664.7276723,0,2020-03-01 23:59:59,2020-02-24,9936.4,9990.0,8411.0,8531.88,3834682199.6015034,4278048,206135.583663,1852185664.7276723,426585.458707,24,2,2020,0,0,1,3,2020,23,59
2020-03-02,8530.3,9188.0,8000.0,8033.31,379197.13168,1583711999999,3340552932.0353546,3871023,187350.607918,1652268013.4723947,0,2020-03-08 23:59:59,2020-03-02,8530.3,9188.0,8000.0,8033.31,3340552932.0353546,3871023,187350.607918,1652268013.4723947,379197.13168,2,3,2020,0,0,8,3,2020,23,59
2020-03-09,8034.76,8179.31,3782.13,5361.3,1224228.28324,1584316799999,7415770282.108659,8590644,595647.065838,3616852099.1878047,0,2020-03-15 23:59:59,2020-03-09,8034.76,8179.31,3782.13,5361.3,7415770282.108659,8590644,595647.065838,3616852099.1878047,1224228.28324,9,3,2020,0,0,15,3,2020,23,59
2020-03-16,5360.33,6900.0,4442.12,5816.19,1180843.345815,1584921599999,6710917850.661021,8567146,572953.99079,3258534733.899862,0,2020-03-22 23:59:59,2020-03-16,5360.33,6900.0,4442.12,5816.19,6710917850.661021,8567146,572953.99079,3258534733.899862,1180843.345815,16,3,2020,0,0,22,3,2020,23,59
2020-03-23,5816.05,6957.96,5688.0,5881.42,770380.80536,1585526399999,4963224056.186817,5558649,374037.171488,2410430651.1533923,0,2020-03-29 23:59:59,2020-03-23,5816.05,6957.96,5688.0,5881.42,4963224056.186817,5558649,374037.171488,2410430651.1533923,770380.80536,23,3,2020,0,0,29,3,2020,23,59
2020-03-30,5880.5,7198.0,5857.76,6772.78,664784.299583,1586131199999,4388764837.975917,5187309,328850.322927,2171911522.543237,0,2020-04-05 23:59:59,2020-03-30,5880.5,7198.0,5857.76,6772.78,4388764837.975917,5187309,328850.322927,2171911522.543237,664784.299583,30,3,2020,0,0,5,4,2020,23,59
2020-04-06,6772.78,7459.69,6739.98,6903.79,582804.771087,1586735999999,4149639337.0034943,5399736,280689.969951,1999584846.2821689,0,2020-04-12 23:59:59,2020-04-06,6772.78,7459.69,6739.98,6903.79,4149639337.0034943,5399736,280689.969951,1999584846.2821689,582804.771087,6,4,2020,0,0,12,4,2020,23,59
2020-04-13,6903.79,7293.08,6468.27,7120.74,501345.258903,1587340799999,3470075398.3284087,4481179,241259.557489,1670997362.62018,0,2020-04-19 23:59:59,2020-04-13,6903.79,7293.08,6468.27,7120.74,3470075398.3284087,4481179,241259.557489,1670997362.62018,501345.258903,13,4,2020,0,0,19,4,2020,23,59
2020-04-20,7121.4,7738.0,6751.0,7693.1,469098.312947,1587945599999,3396617806.4314218,4408245,224125.283108,1625169356.8918352,0,2020-04-26 23:59:59,2020-04-20,7121.4,7738.0,6751.0,7693.1,3396617806.4314218,4408245,224125.283108,1625169356.8918352,469098.312947,20,4,2020,0,0,26,4,2020,23,59
2020-04-27,7693.1,9460.0,7606.0,8894.16,742165.162104,1588550399999,6374997759.196763,6613200,363331.16828,3122774832.2889953,0,2020-05-03 23:59:59,2020-04-27,7693.1,9460.0,7606.0,8894.16,6374997759.196763,6613200,363331.16828,3122774832.2889953,742165.162104,27,4,2020,0,0,3,5,2020,23,59
2020-05-04,8894.15,10067.0,8117.0,8722.77,780478.849466,1589155199999,7191007480.438996,7296812,369687.780218,3408051320.6443615,0,2020-05-10 23:59:59,2020-05-04,8894.15,10067.0,8117.0,8722.77,7191007480.438996,7296812,369687.780218,3408051320.6443615,780478.849466,4,5,2020,0,0,10,5,2020,23,59
2020-05-11,8722.77,9939.0,8200.0,9680.04,721487.837087,1589759999999,6639127977.318728,6691363,348124.304743,3206329814.309669,0,2020-05-17 23:59:59,2020-05-11,8722.77,9939.0,8200.0,9680.04,6639127977.318728,6691363,348124.304743,3206329814.309669,721487.837087,11,5,2020,0,0,17,5,2020,23,59
2020-05-18,9681.11,9950.0,8700.0,8720.34,517248.177536,1590364799999,4856615582.538332,5231275,243871.783782,2291792677.447179,0,2020-05-24 23:59:59,2020-05-18,9681.11,9950.0,8700.0,8720.34,4856615582.538332,5231275,243871.783782,2291792677.447179,517248.177536,18,5,2020,0,0,24,5,2020,23,59
2020-05-25,8718.14,9740.0,8642.72,9448.27,425528.246167,1590969599999,3923220452.296562,4709904,209371.472668,1931386248.8454983,0,2020-05-31 23:59:59,2020-05-25,8718.14,9740.0,8642.72,9448.27,3923220452.296562,4709904,209371.472668,1931386248.8454983,425528.246167,25,5,2020,0,0,31,5,2020,23,59
2020-06-01,9448.27,10380.0,9266.0,9746.99,427822.495347,1591574399999,4156656856.710649,4699565,208908.26182,2031849904.288774,0,2020-06-07 23:59:59,2020-06-01,9448.27,10380.0,9266.0,9746.99,4156656856.710649,4699565,208908.26182,2031849904.288774,427822.495347,1,6,2020,0,0,7,6,2020,23,59
2020-06-08,9746.99,9992.72,9113.0,9342.1,336172.771517,1592179199999,3222940574.5708337,3925947,158086.69559,1516390238.253126,0,2020-06-14 23:59:59,2020-06-08,9746.99,9992.72,9113.0,9342.1,3222940574.5708337,3925947,158086.69559,1516390238.253126,336172.771517,8,6,2020,0,0,14,6,2020,23,59
2020-06-15,9342.1,9589.0,8910.45,9294.69,323565.711842,1592783999999,3025511745.348797,3601511,157067.67168,1469318218.5940075,0,2020-06-21 23:59:59,2020-06-15,9342.1,9589.0,8910.45,9294.69,3025511745.348797,3601511,157067.67168,1469318218.5940075,323565.711842,15,6,2020,0,0,21,6,2020,23,59
2020-06-22,9294.69,9780.0,8833.0,9116.35,343601.083154,1593388799999,3199982407.7206287,3556356,162648.331078,1515724945.3964057,0,2020-06-28 23:59:59,2020-06-22,9294.69,9780.0,8833.0,9116.35,3199982407.7206287,3556356,162648.331078,1515724945.3964057,343601.083154,22,6,2020,0,0,28,6,2020,23,59
2020-06-29,9116.16,9292.0,8893.03,9069.41,247256.195125,1593993599999,2255910006.086825,2670420,120007.885844,1095085364.7219348,0,2020-07-05 23:59:59,2020-06-29,9116.16,9292.0,8893.03,9069.41,2255910006.086825,2670420,120007.885844,1095085364.7219348,247256.195125,29,6,2020,0,0,5,7,2020,23,59
2020-07-06,9069.41,9470.0,9055.92,9302.75,284964.999673,1594598399999,2642350802.5796742,3618928,139286.661532,1291693618.9702256,0,2020-07-12 23:59:59,2020-07-06,9069.41,9470.0,9055.92,9302.75,2642350802.5796742,3618928,139286.661532,1291693618.9702256,284964.999673,6,7,2020,0,0,12,7,2020,23,59
2020-07-13,9303.31,9343.82,9047.25,9208.99,247602.692095,1595203199999,2275998962.741705,3834095,117517.406171,1080194174.8219032,0,2020-07-19 23:59:59,2020-07-13,9303.31,9343.82,9047.25,9208.99,2275998962.741705,3834095,117517.406171,1080194174.8219032,247602.692095,13,7,2020,0,0,19,7,2020,23,59
2020-07-20,9208.99,10111.0,9131.0,9931.54,346433.535115,1595807999999,3295996462.1417675,5037013,167612.904868,1596041010.699757,0,2020-07-26 23:59:59,2020-07-20,9208.99,10111.0,9131.0,9931.54,3295996462.1417675,5037013,167612.904868,1596041010.699757,346433.535115,20,7,2020,0,0,26,7,2020,23,59
2020-07-27,9931.54,12123.46,9917.21,11071.35,637793.811724,1596412799999,7048671346.493502,8989722,308283.879719,3405894056.7549586,0,2020-08-02 23:59:59,2020-07-27,9931.54,12123.46,9917.21,11071.35,7048671346.493502,8989722,308283.879719,3405894056.7549586,637793.811724,27,7,2020,0,0,2,8,2020,23,59
2020-08-03,11071.36,11909.94,10936.0,11681.68,403167.45146,1597017599999,4646926089.619991,6240181,190641.833287,2197221620.1337314,0,2020-08-09 23:59:59,2020-08-03,11071.36,11909.94,10936.0,11681.68,4646926089.619991,6240181,190641.833287,2197221620.1337314,403167.45146,3,8,2020,0,0,9,8,2020,23,59
2020-08-10,11681.69,12067.35,11125.0,11911.0,468167.72232,1597622399999,5471151052.2318735,7853234,224176.827366,2620954475.1044083,0,2020-08-16 23:59:59,2020-08-10,11681.69,12067.35,11125.0,11911.0,5471151052.2318735,7853234,224176.827366,2620954475.1044083,468167.72232,10,8,2020,0,0,16,8,2020,23,59
2020-08-17,11910.99,12468.0,11376.81,11648.13,426710.483502,1598227199999,5061638056.366496,7082053,205750.910997,2440973815.7736926,0,2020-08-23 23:59:59,2020-08-17,11910.99,12468.0,11376.81,11648.13,5061638056.366496,7082053,205750.910997,2440973815.7736926,426710.483502,17,8,2020,0,0,23,8,2020,23,59
2020-08-24,11648.12,11824.9,11117.64,11711.16,355153.169372,1598831999999,4078471242.6749406,5563536,172004.217622,1975725317.1695063,0,2020-08-30 23:59:59,2020-08-24,11648.12,11824.9,11117.64,11711.16,4078471242.6749406,5563536,172004.217622,1975725317.1695063,355153.169372,24,8,2020,0,0,30,8,2020,23,59
2020-08-31,11711.17,12050.85,9825.0,10256.2,581777.756525,1599436799999,6357675711.972732,9093522,272514.508229,2978112998.7570977,0,2020-09-06 23:59:59,2020-08-31,11711.17,12050.85,9825.0,10256.2,6357675711.972732,9093522,272514.508229,2978112998.7570977,581777.756525,31,8,2020,0,0,6,9,2020,23,59
2020-09-07,10255.89,10580.11,9850.0,10332.83,366759.994048,1600041599999,3756191422.926633,5490957,176070.937008,1803672847.9852383,0,2020-09-13 23:59:59,2020-09-07,10255.89,10580.11,9850.0,10332.83,3756191422.926633,5490957,176070.937008,1803672847.9852383,366759.994048,7,9,2020,0,0,13,9,2020,23,59
2020-09-14,10332.84,11179.79,10212.34,10920.28,374339.558814,1600646399999,4052903078.381216,5419926,182800.562676,1979747774.6951149,0,2020-09-20 23:59:59,2020-09-14,10332.84,11179.79,10212.34,10920.28,4052903078.381216,5419926,182800.562676,1979747774.6951149,374339.558814,14,9,2020,0,0,20,9,2020,23,59
2020-09-21,10920.28,10988.86,10136.82,10774.25,331299.291081,1601251199999,3499594157.462563,5082884,161067.804774,1701606859.4703984,0,2020-09-27 23:59:59,2020-09-21,10920.28,10988.86,10136.82,10774.25,3499594157.462563,5082884,161067.804774,1701606859.4703984,331299.291081,21,9,2020,0,0,27,9,2020,23,59
2020-09-28,10774.26,10950.0,10374.0,10666.63,288073.126989,1601855999999,3079535042.6297483,4200553,139276.825415,1488932592.7380245,0,2020-10-04 23:59:59,2020-09-28,10774.26,10950.0,10374.0,10666.63,3079535042.6297483,4200553,139276.825415,1488932592.7380245,288073.126989,28,9,2020,0,0,4,10,2020,23,59
2020-10-05,10666.62,11491.0,10525.0,11369.02,288404.145494,1602460799999,3147355378.403716,4224553,143943.509816,1572213941.2261007,0,2020-10-11 23:59:59,2020-10-05,10666.62,11491.0,10525.0,11369.02,3147355378.403716,4224553,143943.509816,1572213941.2261007,288404.145494,5,10,2020,0,0,11,10,2020,23,59
2020-10-12,11369.02,11720.01,11172.0,11503.14,279657.097047,1603065599999,3188831299.7176256,4017625,134837.128099,1537962674.7274244,0,2020-10-18 23:59:59,2020-10-12,11369.02,11720.01,11172.0,11503.14,3188831299.7176256,4017625,134837.128099,1537962674.7274244,279657.097047,12,10,2020,0,0,18,10,2020,23,59
2020-10-19,11503.14,13350.0,11407.96,13028.83,418993.354681,1603670399999,5252707161.494401,5893134,209978.707942,2630019669.925434,0,2020-10-25 23:59:59,2020-10-19,11503.14,13350.0,11407.96,13028.83,5252707161.494401,5893134,209978.707942,2630019669.925434,418993.354681,19,10,2020,0,0,25,10,2020,23,59
2020-10-26,13029.64,14100.0,12765.0,13761.5,485358.521716,1604275199999,6514147172.610641,6753540,238136.182472,3197570003.56901,0,2020-11-01 23:59:59,2020-10-26,13029.64,14100.0,12765.0,13761.5,6514147172.610641,6753540,238136.182472,3197570003.56901,485358.521716,26,10,2020,0,0,1,11,2020,23,59
2020-11-02,13761.49,15960.0,13195.05,15475.1,665037.146452,1604879999999,9752972636.00488,9082195,321015.027754,4706961988.142007,0,2020-11-08 23:59:59,2020-11-02,13761.49,15960.0,13195.05,15475.1,9752972636.00488,9082195,321015.027754,4706961988.142007,665037.146452,2,11,2020,0,0,8,11,2020,23,59
2020-11-09,15475.1,16480.0,14805.54,15957.0,529729.426496,1605484799999,8341020276.118944,8312761,254650.963842,4010574090.198385,0,2020-11-15 23:59:59,2020-11-09,15475.1,16480.0,14805.54,15957.0,8341020276.118944,8312761,254650.963842,4010574090.198385,529729.426496,9,11,2020,0,0,15,11,2020,23,59
2020-11-16,15957.0,18965.9,15864.0,18414.43,684197.642829,1606089599999,12173051529.63962,10878742,337923.623528,6009987170.948491,0,2020-11-22 23:59:59,2020-11-16,15957.0,18965.9,15864.0,18414.43,12173051529.63962,10878742,337923.623528,6009987170.948491,684197.642829,16,11,2020,0,0,22,11,2020,23,59
2020-11-23,18413.88,19484.21,16188.0,18184.99,676351.579974,1606694399999,12148026464.927427,12288105,329021.498015,5912525631.9466915,0,2020-11-29 23:59:59,2020-11-23,18413.88,19484.21,16188.0,18184.99,12148026464.927427,12288105,329021.498015,5912525631.9466915,676351.579974,23,11,2020,0,0,29,11,2020,23,59
2020-11-30,18185.0,19888.0,18001.12,19359.4,537012.142931,1607299199999,10256527452.726007,9615978,267861.961556,5119962447.319706,0,2020-12-06 23:59:59,2020-11-30,18185.0,19888.0,18001.12,19359.4,10256527452.726007,9615978,267861.961556,5119962447.319706,537012.142931,30,11,2020,0,0,6,12,2020,23,59
2020-12-07,19358.67,19420.91,17572.33,19174.99,414166.997237,1607903999999,7670610991.462733,7125404,198951.588099,3686743363.8611174,0,2020-12-13 23:59:59,2020-12-07,19358.67,19420.91,17572.33,19174.99,7670610991.462733,7125404,198951.588099,3686743363.8611174,414166.997237,7,12,2020,0,0,13,12,2020,23,59
2020-12-14,19174.99,24295.0,19000.0,23455.52,650661.7243,1608508799999,14274952056.644888,11378635,325698.820718,7137840985.519615,0,2020-12-20 23:59:59,2020-12-14,19174.99,24295.0,19000.0,23455.52,14274952056.644888,11378635,325698.820718,7137840985.519615,650661.7243,14,12,2020,0,0,20,12,2020,23,59
2020-12-21,23455.54,28422.0,21815.0,26281.66,688906.560557,1609113599999,16891515231.04649,12384587,340821.148811,8361819640.037464,0,2020-12-27 23:59:59,2020-12-21,23455.54,28422.0,21815.0,26281.66,16891515231.04649,12384587,340821.148811,8361819640.037464,688906.560557,21,12,2020,0,0,27,12,2020,23,59
2020-12-28,26281.54,34778.11,25880.0,33000.05,625132.263203,1609718399999,18574944969.54836,12512788,311314.23651,9257292755.772127,0,2021-01-03 23:59:59,2020-12-28,26281.54,34778.11,25880.0,33000.05,18574944969.54836,12512788,311314.23651,9257292755.772127,625132.263203,28,12,2020,0,0,3,1,2021,23,59
2021-01-04,33000.05,41950.0,28130.0,38150.02,850700.266152,1610323199999,30894408653.645454,18127566,416647.067571,15120789261.095215,0,2021-01-10 23:59:59,2021-01-04,33000.05,41950.0,28130.0,38150.02,30894408653.645454,18127566,416647.067571,15120789261.095215,850700.266152,4,1,2021,0,0,10,1,2021,23,59
2021-01-11,38150.02,40100.0,30420.0,35828.61,897339.67445,1610927999999,31840267961.01892,18446663,443257.500893,15735471852.93117,0,2021-01-17 23:59:59,2021-01-11,38150.02,40100.0,30420.0,35828.61,31840267961.01892,18446663,443257.500893,15735471852.93117,897339.67445,11,1,2021,0,0,17,1,2021,23,59
2021-01-18,35824.99,37850.0,28850.0,32259.9,640226.935785,1611532799999,21440700273.040024,14699334,310786.115973,10418110249.142012,0,2021-01-24 23:59:59,2021-01-18,35824.99,37850.0,28850.0,32259.9,21440700273.040024,14699334,310786.115973,10418110249.142012,640226.935785,18,1,2021,0,0,24,1,2021,23,59
2021-01-25,32259.45,38531.9,29241.72,33092.98,747463.508509,1612137599999,24948673733.690006,16555006,371060.163317,12396571060.77586,0,2021-01-31 23:59:59,2021-01-25,32259.45,38531.9,29241.72,33092.98,24948673733.690006,16555006,371060.163317,12396571060.77586,747463.508509,25,1,2021,0,0,31,1,2021,23,59
2021-02-01,33092.97,40955.51,32296.16,38795.69,583442.331544,1612742399999,21599895189.58116,13815026,291987.980694,10814285526.145716,0,2021-02-07 23:59:59,2021-02-01,33092.97,40955.51,32296.16,38795.69,21599895189.58116,13815026,291987.980694,10814285526.145716,583442.331544,1,2,2021,0,0,7,2,2021,23,59
2021-02-08,38795.69,49707.43,37988.89,48577.79,664186.270909,1613347199999,30558163844.53544,18380270,335475.284061,15434310277.427107,0,2021-02-14 23:59:59,2021-02-08,38795.69,49707.43,37988.89,48577.79,30558163844.53544,18380270,335475.284061,15434310277.427107,664186.270909,8,2,2021,0,0,14,2,2021,23,59
2021-02-15,48580.47,58352.8,45570.79,57408.57,533487.799699,1613951999999,27769064381.543262,15851564,266431.948968,13868919408.71599,0,2021-02-21 23:59:59,2021-02-15,48580.47,58352.8,45570.79,57408.57,27769064381.543262,15851564,266431.948968,13868919408.71599,533487.799699,15,2,2021,0,0,21,2,2021,23,59
2021-02-22,57412.35,57508.47,43000.0,45135.66,737125.746365,1614556799999,36056079517.941505,17606321,358805.28068,17551047321.2073,0,2021-02-28 23:59:59,2021-02-22,57412.35,57508.47,43000.0,45135.66,36056079517.941505,17606321,358805.28068,17551047321.2073,737125.746365,22,2,2021,0,0,28,2,2021,23,59
2021-03-01,45134.11,52640.0,44950.53,50971.75,490819.562968,1615161599999,24017266082.750584,13825664,242923.901683,11891428274.15951,0,2021-03-07 23:59:59,2021-03-01,45134.11,52640.0,44950.53,50971.75,24017266082.750584,13825664,242923.901683,11891428274.15951,490819.562968,1,3,2021,0,0,7,3,2021,23,59
2021-03-08,50959.11,61844.0,49274.67,58968.31,514559.698685,1615766399999,28846698413.561867,16229755,257377.748159,14440581804.396273,0,2021-03-14 23:59:59,2021-03-08,50959.11,61844.0,49274.67,58968.31,28846698413.561867,16229755,257377.748159,14440581804.396273,514559.698685,8,3,2021,0,0,14,3,2021,23,59
2021-03-15,58976.08,60633.43,53271.34,57351.56,463194.21418,1616371199999,26483848363.71589,14553773,226130.965148,12934458930.897257,0,2021-03-21 23:59:59,2021-03-15,58976.08,60633.43,53271.34,57351.56,26483848363.71589,14553773,226130.965148,12934458930.897257,463194.21418,15,3,2021,0,0,21,3,2021,23,59
2021-03-22,57351.56,58430.73,50427.56,55777.63,446278.628413,1616975999999,24254500734.20622,13022316,218408.216212,11874290386.328753,0,2021-03-28 23:59:59,2021-03-22,57351.56,58430.73,50427.56,55777.63,24254500734.20622,13022316,218408.216212,11874290386.328753,446278.628413,22,3,2021,0,0,28,3,2021,23,59
2021-03-29,55777.65,60200.0,54800.01,58202.01,367477.893273,1617580799999,21438740639.100864,11891110,183319.197491,10697064859.421247,0,2021-04-04 23:59:59,2021-03-29,55777.65,60200.0,54800.01,58202.01,21438740639.100864,11891110,183319.197491,10697064859.421247,367477.893273,29,3,2021,0,0,4,4,2021,23,59
2021-04-05,58202.01,61500.0,55473.0,60002.43,375865.593614,1618185599999,21944712196.726185,13696365,188038.894028,10984335663.811703,0,2021-04-11 23:59:59,2021-04-05,58202.01,61500.0,55473.0,60002.43,21944712196.726185,13696365,188038.894028,10984335663.811703,375865.593614,5,4,2021,0,0,11,4,2021,23,59
2021-04-12,59998.8,64854.0,50931.3,56150.01,549048.298032,1618790399999,33238307417.430935,17446531,266367.194149,16134213581.46212,0,2021-04-18 23:59:59,2021-04-12,59998.8,64854.0,50931.3,56150.01,33238307417.430935,17446531,266367.194149,16134213581.46212,549048.298032,12,4,2021,0,0,18,4,2021,23,59
2021-04-19,56150.01,57526.81,46930.0,49066.77,568462.85096,1619395199999,29936891043.815964,14947615,274940.861323,14487266259.924356,0,2021-04-25 23:59:59,2021-04-19,56150.01,57526.81,46930.0,49066.77,29936891043.815964,14947615,274940.861323,14487266259.924356,568462.85096,19,4,2021,0,0,25,4,2021,23,59
2021-04-26,49066.76,58458.07,48753.44,56578.21,395983.456013,1619999999999,21707164512.768623,12719227,195298.619851,10703998531.65657,0,2021-05-02 23:59:59,2021-04-26,49066.76,58458.07,48753.44,56578.21,21707164512.768623,12719227,195298.619851,10703998531.65657,395983.456013,26,4,2021,0,0,2,5,2021,23,59
2021-05-03,56578.21,59500.0,52900.0,58240.84,504478.926303,1620604799999,28725771451.786324,16275966,248052.470617,14129842033.201153,0,2021-05-09 23:59:59,2021-05-03,56578.21,59500.0,52900.0,58240.84,28725771451.786324,16275966,248052.470617,14129842033.201153,504478.926303,3,5,2021,0,0,9,5,2021,23,59
2021-05-10,58240.83,59500.0,43825.39,46431.5,684880.148197,1621209599999,35228801446.48219,17778177,327220.272931,16851047061.760132,0,2021-05-16 23:59:59,2021-05-10,58240.83,59500.0,43825.39,46431.5,35228801446.48219,17778177,327220.272931,16851047061.760132,684880.148197,10,5,2021,0,0,16,5,2021,23,59
2021-05-17,46426.83,46686.0,30000.0,34655.25,1386781.052144,1621814399999,53866174537.68215,27170977,666702.163542,25919373172.35901,0,2021-05-23 23:59:59,2021-05-17,46426.83,46686.0,30000.0,34655.25,53866174537.68215,27170977,666702.163542,25919373172.35901,1386781.052144,17,5,2021,0,0,23,5,2021,23,59
2021-05-24,34681.44,40841.0,33379.0,35641.27,786531.163941,1622419199999,29203522868.251625,16942102,384497.747331,14283624883.965893,0,2021-05-30 23:59:59,2021-05-24,34681.44,40841.0,33379.0,35641.27,29203522868.251625,16942102,384497.747331,14283624883.965893,786531.163941,24,5,2021,0,0,30,5,2021,23,59
2021-05-31,35641.26,39476.0,34153.84,35796.31,528299.504937,1623023999999,19486187883.418457,11520844,260787.568217,9623174732.818668,0,2021-06-06 23:59:59,2021-05-31,35641.26,39476.0,34153.84,35796.31,19486187883.418457,11520844,260787.568217,9623174732.818668,528299.504937,31,5,2021,0,0,6,6,2021,23,59
2021-06-07,35796.31,39380.0,31000.0,39020.57,700065.604915,1623628799999,24888579254.611984,13781452,346610.462227,12336051739.569944,0,2021-06-13 23:59:59,2021-06-07,35796.31,39380.0,31000.0,39020.57,24888579254.611984,13781452,346610.462227,12336051739.569944,700065.604915,7,6,2021,0,0,13,6,2021,23,59
2021-06-14,39020.56,41330.0,33336.0,35600.16,610333.962089,1624233599999,23170552929.9574,12585488,295955.590693,11238614009.019213,0,2021-06-20 23:59:59,2021-06-14,39020.56,41330.0,33336.0,35600.16,23170552929.9574,12585488,295955.590693,11238614009.019213,610333.962089,14,6,2021,0,0,20,6,2021,23,59
2021-06-21,35600.17,35750.0,28805.0,34700.34,907073.707598,1624838399999,29582225083.09103,15069286,445188.23814,14532263176.097523,0,2021-06-27 23:59:59,2021-06-21,35600.17,35750.0,28805.0,34700.34,29582225083.09103,15069286,445188.23814,14532263176.097523,907073.707598,21,6,2021,0,0,27,6,2021,23,59
2021-06-28,34702.49,36600.0,32699.0,35286.51,464791.763593,1625443199999,16063893736.163572,9503851,227734.572618,7871807130.859945,0,2021-07-04 23:59:59,2021-06-28,34702.49,36600.0,32699.0,35286.51,16063893736.163572,9503851,227734.572618,7871807130.859945,464791.763593,28,6,2021,0,0,4,7,2021,23,59
2021-07-05,35288.13,35293.78,32077.0,34258.99,359766.235404,1626047999999,12142509770.88803,7648112,178798.754323,6033413173.636886,0,2021-07-11 23:59:59,2021-07-05,35288.13,35293.78,32077.0,34258.99,12142509770.88803,7648112,178798.754323,6033413173.636886,359766.235404,5,7,2021,0,0,11,7,2021,23,59
2021-07-12,34259.0,34678.43,31020.0,31778.56,306160.987079,1626652799999,9889122842.331982,7067408,147741.055848,4771519260.898867,0,2021-07-18 23:59:59,2021-07-12,34259.0,34678.43,31020.0,31778.56,9889122842.331982,7067408,147741.055848,4771519260.898867,306160.987079,12,7,2021,0,0,18,7,2021,23,59
2021-07-19,31778.57,35398.0,29278.0,35381.02,383262.217154,1627257599999,12281627047.304798,8161443,190582.264312,6114235359.363288,0,2021-07-25 23:59:59,2021-07-19,31778.57,35398.0,29278.0,35381.02,12281627047.304798,8161443,190582.264312,6114235359.363288,383262.217154,19,7,2021,0,0,25,7,2021,23,59
2021-07-26,35381.02,42599.0,35205.78,39845.44,568598.509606,1627862399999,22398899801.822147,14294722,284420.137741,11205247089.666573,0,2021-08-01 23:59:59,2021-07-26,35381.02,42599.0,35205.78,39845.44,22398899801.822147,14294722,284420.137741,11205247089.666573,568598.509606,26,7,2021,0,0,1,8,2021,23,59
2021-08-02,39850.27,45310.0,37332.7,43794.37,463107.670711,1628467199999,18969963699.518566,12015266,230451.591454,9445373822.532848,0,2021-08-08 23:59:59,2021-08-02,39850.27,45310.0,37332.7,43794.37,18969963699.518566,12015266,230451.591454,9445373822.532848,463107.670711,2,8,2021,0,0,8,8,2021,23,59
2021-08-09,43794.36,48144.0,42779.0,46973.82,372867.979811,1629071999999,17083554277.88681,12802573,188383.893158,8634469008.93575,0,2021-08-15 23:59:59,2021-08-09,43794.36,48144.0,42779.0,46973.82,17083554277.88681,12802573,188383.893158,8634469008.93575,372867.979811,9,8,2021,0,0,15,8,2021,23,59
2021-08-16,46973.82,49757.04,43927.7,49239.22,357634.462155,1629676799999,16753728276.4288,12498107,180333.299573,8448610167.566947,0,2021-08-22 23:59:59,2021-08-16,46973.82,49757.04,43927.7,49239.22,16753728276.4288,12498107,180333.299573,8448610167.566947,357634.462155,16,8,2021,0,0,22,8,2021,23,59
2021-08-23,49239.22,50500.0,46250.0,48767.83,298905.697042,1630281599999,14485841663.356567,10234705,148185.197294,7184000949.909696,0,2021-08-29 23:59:59,2021-08-23,49239.22,50500.0,46250.0,48767.83,14485841663.356567,10234705,148185.197294,7184000949.909696,298905.697042,23,8,2021,0,0,29,8,2021,23,59
2021-08-30,48767.84,51900.0,46512.0,51756.88,327484.443638,1630886399999,16058724402.757397,9623298,165440.611872,8117693526.79704,0,2021-09-05 23:59:59,2021-08-30,48767.84,51900.0,46512.0,51756.88,16058724402.757397,9623298,165440.611872,8117693526.79704,327484.443638,30,8,2021,0,0,5,9,2021,23,59
2021-09-06,51756.88,52920.0,42843.05,46025.24,399602.39982,1631491199999,18994715843.656734,12174052,193434.481761,9200501092.964355,0,2021-09-12 23:59:59,2021-09-06,51756.88,52920.0,42843.05,46025.24,18994715843.656734,12174052,193434.481761,9200501092.964355,399602.39982,6,9,2021,0,0,12,9,2021,23,59
2021-09-13,46025.23,48843.2,43370.0,47241.75,289430.44387,1632095999999,13558597825.9357,8186048,141201.01935,6614734237.643137,0,2021-09-19 23:59:59,2021-09-13,46025.23,48843.2,43370.0,47241.75,13558597825.9357,8186048,141201.01935,6614734237.643137,289430.44387,13,9,2021,0,0,19,9,2021,23,59
2021-09-20,47241.75,47347.25,39600.0,43160.9,437174.23273,1632700799999,18788601896.91996,10306745,212146.867313,9120024387.116852,0,2021-09-26 23:59:59,2021-09-20,47241.75,47347.25,39600.0,43160.9,18788601896.91996,10306745,212146.867313,9120024387.116852,437174.23273,20,9,2021,0,0,26,9,2021,23,59
2021-09-27,43160.9,49228.08,40753.88,48200.01,290620.78115,1633305599999,12968253396.578833,8011247,144469.51207,6452909326.517625,0,2021-10-03 23:59:59,2021-09-27,43160.9,49228.08,40753.88,48200.01,12968253396.578833,8011247,144469.51207,6452909326.517625,290620.78115,27,9,2021,0,0,3,10,2021,23,59
2021-10-04,48200.01,56561.31,46891.0,54659.0,424292.258599,1633910399999,22567545317.793793,12811107,211856.684445,11270697948.40903,0,2021-10-10 23:59:59,2021-10-04,48200.01,56561.31,46891.0,54659.0,22567545317.793793,12811107,211856.684445,11270697948.40903,424292.258599,4,10,2021,0,0,10,10,2021,23,59
2021-10-11,54659.01,62933.0,53879.0,61528.33,362346.263174,1634515199999,21121567502.011086,11568529,183431.750683,10697891224.262558,0,2021-10-17 23:59:59,2021-10-11,54659.01,62933.0,53879.0,61528.33,21121567502.011086,11568529,183431.750683,10697891224.262558,362346.263174,11,10,2021,0,0,17,10,2021,23,59
2021-10-18,61528.32,67000.0,59510.63,60852.22,336367.00881,1635119999999,21141785986.45504,10979311,167403.56447,10528144211.853245,0,2021-10-24 23:59:59,2021-10-18,61528.32,67000.0,59510.63,60852.22,21141785986.45504,10979311,167403.56447,10528144211.853245,336367.00881,18,10,2021,0,0,24,10,2021,23,59
2021-10-25,60852.22,63710.63,57820.0,61299.8,314971.8498,1635724799999,19208389552.55153,10574780,154915.87466,9451414390.238705,0,2021-10-31 23:59:59,2021-10-25,60852.22,63710.63,57820.0,61299.8,19208389552.55153,10574780,154915.87466,9451414390.238705,314971.8498,25,10,2021,0,0,31,10,2021,23,59
2021-11-01,61299.81,64270.0,59405.0,63273.59,253033.72432,1636329599999,15663897405.533567,9556016,126345.60637,7823642239.826968,0,2021-11-07 23:59:59,2021-11-01,61299.81,64270.0,59405.0,63273.59,15663897405.533567,9556016,126345.60637,7823642239.826968,253033.72432,1,11,2021,0,0,7,11,2021,23,59
2021-11-08,63273.58,69000.0,62278.0,65519.1,294213.112708,1636934399999,19286358161.910706,11207688,145809.022639,9564135489.152817,0,2021-11-14 23:59:59,2021-11-08,63273.58,69000.0,62278.0,65519.1,19286358161.910706,11207688,145809.022639,9564135489.152817,294213.112708,8,11,2021,0,0,14,11,2021,23,59
2021-11-15,65519.11,66401.82,55600.0,58622.02,340150.61676,1637539199999,20344773160.10561,11100482,163526.9365,9788051753.519651,0,2021-11-21 23:59:59,2021-11-15,65519.11,66401.82,55600.0,58622.02,20344773160.10561,11100482,163526.9365,9788051753.519651,340150.61676,15,11,2021,0,0,21,11,2021,23,59
2021-11-22,58617.7,59444.0,53256.64,57274.88,315216.31943,1638143999999,17762591467.11147,10734607,155061.63995,8740286935.664598,0,2021-11-28 23:59:59,2021-11-22,58617.7,59444.0,53256.64,57274.88,17762591467.11147,10734607,155061.63995,8740286935.664598,315216.31943,22,11,2021,0,0,28,11,2021,23,59
2021-11-29,57274.89,59176.99,42000.3,49396.33,390528.912488,1638748799999,20822450911.087795,12286961,185849.53619,9921717578.511951,0,2021-12-05 23:59:59,2021-11-29,57274.89,59176.99,42000.3,49396.33,20822450911.087795,12286961,185849.53619,9921717578.511951,390528.912488,29,11,2021,0,0,5,12,2021,23,59
2021-12-06,49396.32,51936.33,46751.0,50053.9,272083.99753,1639353599999,13393900447.457172,8239356,132585.60064,6527679465.437665,0,2021-12-12 23:59:59,2021-12-06,49396.32,51936.33,46751.0,50053.9,13393900447.457172,8239356,132585.60064,6527679465.437665,272083.99753,6,12,2021,0,0,12,12,2021,23,59
2021-12-13,50053.9,50189.97,45456.0,46681.23,271834.80183,1639958399999,12915658909.98844,8055423,131770.01926,6263559378.81846,0,2021-12-19 23:59:59,2021-12-13,50053.9,50189.97,45456.0,46681.23,12915658909.98844,8055423,131770.01926,6263559378.81846,271834.80183,13,12,2021,0,0,19,12,2021,23,59
2021-12-20,46681.24,51810.0,45558.85,50775.49,209149.42595,1640563199999,10272926890.979765,6960719,104145.18087,5115572930.19298,0,2021-12-26 23:59:59,2021-12-20,46681.24,51810.0,45558.85,50775.49,10272926890.979765,6960719,104145.18087,5115572930.19298,209149.42595,20,12,2021,0,0,26,12,2021,23,59
2021-12-27,50775.48,52088.0,45678.0,47286.18,217379.6422,1641167999999,10458190881.734585,6863722,106579.78483,5128555640.891941,0,2022-01-02 23:59:59,2021-12-27,50775.48,52088.0,45678.0,47286.18,10458190881.734585,6863722,106579.78483,5128555640.891941,217379.6422,27,12,2021,0,0,2,1,2022,23,59
2022-01-03,47286.18,47570.0,40501.0,41864.62,264331.61587,1641772799999,11564043206.342636,7717954,128417.56962,5617721267.315783,0,2022-01-09 23:59:59,2022-01-03,47286.18,47570.0,40501.0,41864.62,11564043206.342636,7717954,128417.56962,5617721267.315783,264331.61587,3,1,2022,0,0,9,1,2022,23,59
2022-01-10,41864.62,44500.0,39650.0,43071.66,232059.06969,1642377599999,9875457752.625006,6758442,114555.79525,4878281491.665617,0,2022-01-16 23:59:59,2022-01-10,41864.62,44500.0,39650.0,43071.66,9875457752.625006,6758442,114555.79525,4878281491.665617,232059.06969,10,1,2022,0,0,16,1,2022,23,59
2022-01-17,43071.66,43505.0,34008.0,36244.55,354513.98432,1642982399999,13695568421.726473,9181325,170960.347142,6607067308.59798,0,2022-01-23 23:59:59,2022-01-17,43071.66,43505.0,34008.0,36244.55,13695568421.726473,9181325,170960.347142,6607067308.59798,354513.98432,17,1,2022,0,0,23,1,2022,23,59
2022-01-24,36244.55,38919.98,32917.17,37881.76,353702.626391,1643587199999,12907284440.455256,8716769,179036.244728,6536472796.368902,0,2022-01-30 23:59:59,2022-01-24,36244.55,38919.98,32917.17,37881.76,12907284440.455256,8716769,179036.244728,6536472796.368902,353702.626391,24,1,2022,0,0,30,1,2022,23,59
2022-01-31,37881.75,42656.0,36250.0,42380.87,258946.95322,1644191999999,10064164364.242208,6785864,131038.94536,5096829006.548845,0,2022-02-06 23:59:59,2022-01-31,37881.75,42656.0,36250.0,42380.87,10064164364.242208,6785864,131038.94536,5096829006.548845,258946.95322,31,1,2022,0,0,6,2,2022,23,59
2022-02-07,42380.87,45821.0,41645.85,42053.66,301990.47877,1644796799999,13148234178.649647,8359076,149112.12215,6494915345.303778,0,2022-02-13 23:59:59,2022-02-07,42380.87,45821.0,41645.85,42053.66,13148234178.649647,8359076,149112.12215,6494915345.303778,301990.47877,7,2,2022,0,0,13,2,2022,23,59
2022-02-14,42053.65,44751.4,38000.0,38386.89,243150.46162,1645401599999,10134957033.789461,6173489,115990.68901,4840833817.67218,0,2022-02-20 23:59:59,2022-02-14,42053.65,44751.4,38000.0,38386.89,10134957033.789461,6173489,115990.68901,4840833817.67218,243150.46162,14,2,2022,0,0,20,2,2022,23,59
2022-02-21,38386.89,40348.45,34322.28,37699.07,412335.93267,1646006399999,15524273633.729553,9817037,205845.16118,7754667841.098922,0,2022-02-27 23:59:59,2022-02-21,38386.89,40348.45,34322.28,37699.07,15524273633.729553,9817037,205845.16118,7754667841.098922,412335.93267,21,2,2022,0,0,27,2,2022,23,59
2022-02-28,37699.08,45400.0,37450.17,38420.81,376417.0783,1646611199999,15676665511.513798,10071554,185768.2371,7740802242.404056,0,2022-03-06 23:59:59,2022-02-28,37699.08,45400.0,37450.17,38420.81,15676665511.513798,10071554,185768.2371,7740802242.404056,376417.0783,28,2,2022,0,0,6,3,2022,23,59
2022-03-07,38420.8,42594.06,37155.0,37777.34,374777.65361,1647215999999,14764496466.377066,8576202,184176.48268,7257778809.911877,0,2022-03-13 23:59:59,2022-03-07,38420.8,42594.06,37155.0,37777.34,14764496466.377066,8576202,184176.48268,7257778809.911877,374777.65361,7,3,2022,0,0,13,3,2022,23,59
2022-03-14,37777.35,42400.0,37555.0,41262.11,323399.671,1647820799999,13045068424.15988,7828983,160980.02075,6493866977.457049,0,2022-03-20 23:59:59,2022-03-14,37777.35,42400.0,37555.0,41262.11,13045068424.15988,7828983,160980.02075,6493866977.457049,323399.671,14,3,2022,0,0,20,3,2022,23,59
2022-03-21,41262.11,46999.0,40467.94,46827.76,315436.15044,1648425599999,13657786157.688328,7404092,158386.2017,6861332204.338121,0,2022-03-27 23:59:59,2022-03-21,41262.11,46999.0,40467.94,46827.76,13657786157.688328,7404092,158386.2017,6861332204.338121,315436.15044,21,3,2022,0,0,27,3,2022,23,59
2022-03-28,46827.76,48189.84,44200.0,46407.35,312053.15964,1649030399999,14562359846.879017,8362296,154410.52633,7206859226.584209,0,2022-04-03 23:59:59,2022-03-28,46827.76,48189.84,44200.0,46407.35,14562359846.879017,8362296,154410.52633,7206859226.584209,312053.15964,28,3,2022,0,0,3,4,2022,23,59
2022-04-04,46407.36,47200.0,41868.0,42158.85,268118.29111,1649635199999,11891061200.0745,7117155,130948.44754,5808536417.139713,0,2022-04-10 23:59:59,2022-04-04,46407.36,47200.0,41868.0,42158.85,11891061200.0745,7117155,130948.44754,5808536417.139713,268118.29111,4,4,2022,0,0,10,4,2022,23,59
2022-04-11,42158.85,42414.71,39200.0,39678.12,259281.0487,1650239999999,10492029074.432064,5921631,126175.26392,5107109884.346128,0,2022-04-17 23:59:59,2022-04-11,42158.85,42414.71,39200.0,39678.12,10492029074.432064,5921631,126175.26392,5107109884.346128,259281.0487,11,4,2022,0,0,17,4,2022,23,59
2022-04-18,39678.11,42976.0,38536.51,39450.13,283885.03637,1650844799999,11530224571.577888,7307352,140430.82007,5705214688.751349,0,2022-04-24 23:59:59,2022-04-18,39678.11,42976.0,38536.51,39450.13,11530224571.577888,7307352,140430.82007,5705214688.751349,283885.03637,18,4,2022,0,0,24,4,2022,23,59
2022-04-25,39450.12,40797.31,37386.38,38468.35,368444.26814,1651449599999,14366905362.211203,8168960,182205.04628,7107113319.039257,0,2022-05-01 23:59:59,2022-04-25,39450.12,40797.31,37386.38,38468.35,14366905362.211203,8168960,182205.04628,7107113319.039257,368444.26814,25,4,2022,0,0,1,5,2022,23,59
2022-05-02,38468.35,40023.77,33713.95,34038.4,419979.5829,1652054399999,15553421461.79525,8540020,204305.32052,7582347504.983533,0,2022-05-08 23:59:59,2022-05-02,38468.35,40023.77,33713.95,34038.4,15553421461.79525,8540020,204305.32052,7582347504.983533,419979.5829,2,5,2022,0,0,8,5,2022,23,59
2022-05-09,34038.39,34243.15,26700.0,31328.89,964223.849274,1652659199999,29301810530.841793,16818661,460216.815397,13971509225.08758,0,2022-05-15 23:59:59,2022-05-09,34038.39,34243.15,26700.0,31328.89,29301810530.841793,16818661,460216.815397,13971509225.08758,964223.849274,9,5,2022,0,0,15,5,2022,23,59
2022-05-16,31328.89,31328.9,28654.47,30293.94,375096.22376,1653263999999,11177195347.940817,9177698,189713.27257,5654555850.589586,0,2022-05-22 23:59:59,2022-05-16,31328.89,31328.9,28654.47,30293.94,11177195347.940817,9177698,189713.27257,5654555850.589586,375096.22376,16,5,2022,0,0,22,5,2022,23,59
2022-05-23,30293.93,30670.51,28019.56,29468.1,430508.71991,1653868799999,12611294754.572104,7332430,208897.25934,6121946892.636766,0,2022-05-29 23:59:59,2022-05-23,30293.93,30670.51,28019.56,29468.1,12611294754.572104,7332430,208897.25934,6121946892.636766,430508.71991,23,5,2022,0,0,29,5,2022,23,59
2022-05-30,29468.1,32399.0,29282.36,29919.21,422401.40352,1654473599999,12912323442.261396,7249030,202549.7786,6188339634.436444,0,2022-06-05 23:59:59,2022-05-30,29468.1,32399.0,29282.36,29919.21,12912323442.261396,7249030,202549.7786,6188339634.436444,422401.40352,30,5,2022,0,0,5,6,2022,23,59
2022-06-06,29919.2,31765.64,26560.0,26574.53,528925.487959,1655078399999,15683647970.687147,8740633,255697.09976,7589290330.079022,0,2022-06-12 23:59:59,2022-06-06,29919.2,31765.64,26560.0,26574.53,15683647970.687147,8740633,255697.09976,7589290330.079022,528925.487959,6,6,2022,0,0,12,6,2022,23,59
2022-06-13,26574.53,26895.84,17622.0,20574.0,1153717.637537,1655683199999,24718445373.532467,16153967,566051.074843,12119463385.11774,0,2022-06-19 23:59:59,2022-06-13,26574.53,26895.84,17622.0,20574.0,24718445373.532467,16153967,566051.074843,12119463385.11774,1153717.637537,13,6,2022,0,0,19,6,2022,23,59
2022-06-20,20574.0,21888.0,19637.03,21038.07,570801.23178,1656287999999,11870152671.08868,8827163,283739.01692,5901368295.141803,0,2022-06-26 23:59:59,2022-06-20,20574.0,21888.0,19637.03,21038.07,11870152671.08868,8827163,283739.01692,5901368295.141803,570801.23178,20,6,2022,0,0,26,6,2022,23,59
2022-06-27,21038.08,21539.85,18626.0,19315.83,508544.1397,1656892799999,10107464161.050232,8098167,251218.84067,4992634202.080661,0,2022-07-03 23:59:59,2022-06-27,21038.08,21539.85,18626.0,19315.83,10107464161.050232,8098167,251218.84067,4992634202.080661,508544.1397,27,6,2022,0,0,3,7,2022,23,59
2022-07-04,19315.83,22527.37,19055.31,20862.47,1111996.98071,1657497599999,23540958829.80106,17338062,557807.34407,11808175072.936642,0,2022-07-10 23:59:59,2022-07-04,19315.83,22527.37,19055.31,20862.47,23540958829.80106,17338062,557807.34407,11808175072.936642,1111996.98071,4,7,2022,0,0,10,7,2022,23,59
2022-07-11,20861.11,21684.54,18910.94,20798.16,1043685.76303,1658102399999,21225657682.257202,28620637,518342.14454,10546004665.118544,0,2022-07-17 23:59:59,2022-07-11,20861.11,21684.54,18910.94,20798.16,21225657682.257202,28620637,518342.14454,10546004665.118544,1043685.76303,11,7,2022,0,0,17,7,2022,23,59
2022-07-18,20799.58,24276.74,20762.45,22579.68,1336219.23609,1658707199999,30419505018.44636,36404041,672735.92695,15314324288.040232,0,2022-07-24 23:59:59,2022-07-18,20799.58,24276.74,20762.45,22579.68,30419505018.44636,36404041,672735.92695,15314324288.040232,1336219.23609,18,7,2022,0,0,24,7,2022,23,59
2022-07-25,22577.13,24668.0,20706.5,23293.32,1282264.24492,1659311999999,29215844069.13143,36815045,639746.88279,14583255496.025145,0,2022-07-31 23:59:59,2022-07-25,22577.13,24668.0,20706.5,23293.32,29215844069.13143,36815045,639746.88279,14583255496.025145,1282264.24492,25,7,2022,0,0,31,7,2022,23,59
2022-08-01,23296.36,23647.68,22400.0,23174.39,951140.43388,1659916799999,21943150279.731613,32042944,472484.29234,10902339486.38157,0,2022-08-07 23:59:59,2022-08-01,23296.36,23647.68,22400.0,23174.39,21943150279.731613,32042944,472484.29234,10902339486.38157,951140.43388,1,8,2022,0,0,7,8,2022,23,59
2022-08-08,23174.39,25047.56,22664.69,24305.24,1251083.26468,1660521599999,30077619286.84657,43311786,625522.69768,15039436995.29062,0,2022-08-14 23:59:59,2022-08-08,23174.39,25047.56,22664.69,24305.24,30077619286.84657,43311786,625522.69768,15039436995.29062,1251083.26468,8,8,2022,0,0,14,8,2022,23,59
2022-08-15,24305.25,25211.32,20761.9,21515.61,1402957.39876,1661126399999,32016009263.43493,46017032,698823.59671,15948153490.601809,0,2022-08-21 23:59:59,2022-08-15,24305.25,25211.32,20761.9,21515.61,32016009263.43493,46017032,698823.59671,15948153490.601809,1402957.39876,15,8,2022,0,0,21,8,2022,23,59
2022-08-22,21516.7,21900.0,19520.0,19555.61,1343190.86,1661731199999,28273617081.520325,41486274,669270.17315,14089524497.01568,0,2022-08-28 23:59:59,2022-08-22,21516.7,21900.0,19520.0,19555.61,28273617081.520325,41486274,669270.17315,14089524497.01568,1343190.86,22,8,2022,0,0,28,8,2022,23,59
2022-08-29,19555.61,20576.25,19540.0,20000.3,1527594.84529,1662335999999,30597230623.489517,38080138,762324.89492,15270693969.604977,0,2022-09-04 23:59:59,2022-08-29,19555.61,20576.25,19540.0,20000.3,30597230623.489517,38080138,762324.89492,15270693969.604977,1527594.84529,29,8,2022,0,0,4,9,2022,23,59
2022-09-05,20000.3,21860.0,18510.77,21826.87,2146685.76233,1662940799999,43460053550.45977,41587411,1074020.48582,21751877355.13041,0,2022-09-11 23:59:59,2022-09-05,20000.3,21860.0,18510.77,21826.87,43460053550.45977,41587411,1074020.48582,21751877355.13041,2146685.76233,5,9,2022,0,0,11,9,2022,23,59
2022-09-12,21826.87,22799.0,19320.01,19416.18,2218565.59694,1663545599999,45784151832.43754,41728131,1107144.73306,22859382949.065567,0,2022-09-18 23:59:59,2022-09-12,21826.87,22799.0,19320.01,19416.18,45784151832.43754,41728131,1107144.73306,22859382949.065567,2218565.59694,12,9,2022,0,0,18,9,2022,23,59
2022-09-19,19417.45,19956.0,18125.98,18807.38,2285541.48793,1664150399999,43488049829.07041,39408640,1141577.20385,21724013825.414856,0,2022-09-25 23:59:59,2022-09-19,19417.45,19956.0,18125.98,18807.38,43488049829.07041,39408640,1141577.20385,21724013825.414856,2285541.48793,19,9,2022,0,0,25,9,2022,23,59
2022-09-26,18809.13,20385.86,18471.28,19056.8,2777070.91238,1664755199999,53761170640.89073,39023576,1387219.15628,26857951663.908794,0,2022-10-02 23:59:59,2022-09-26,18809.13,20385.86,18471.28,19056.8,53761170640.89073,39023576,1387219.15628,26857951663.908794,2777070.91238,26,9,2022,0,0,2,10,2022,23,59
2022-10-03,19057.74,20475.0,18959.68,19439.02,1690215.44019,1665359999999,33498469288.87016,28764711,847579.42346,16800184632.096544,0,2022-10-09 23:59:59,2022-10-03,19057.74,20475.0,18959.68,19439.02,33498469288.87016,28764711,847579.42346,16800184632.096544,1690215.44019,3,10,2022,0,0,9,10,2022,23,59
2022-10-10,19439.96,19951.87,18190.0,19262.98,1666942.47921,1665964799999,31973285240.12004,34431421,830990.14609,15940838410.74414,0,2022-10-16 23:59:59,2022-10-10,19439.96,19951.87,18190.0,19262.98,31973285240.12004,34431421,830990.14609,15940838410.74414,1666942.47921,10,10,2022,0,0,16,10,2022,23,59
2022-10-17,19262.98,19706.66,18650.0,19570.4,1439566.24878,1666569599999,27726087449.710506,33194461,716529.4381,13802093103.379763,0,2022-10-23 23:59:59,2022-10-17,19262.98,19706.66,18650.0,19570.4,27726087449.710506,33194461,716529.4381,13802093103.379763,1439566.24878,17,10,2022,0,0,23,10,2022,23,59
2022-10-24,19570.4,21085.0,19157.0,20627.48,2026392.42105,1667174399999,41163103270.300446,46965717,1011279.69462,20544581597.540604,0,2022-10-30 23:59:59,2022-10-24,19570.4,21085.0,19157.0,20627.48,41163103270.300446,46965717,1011279.69462,20544581597.540604,2026392.42105,24,10,2022,0,0,30,10,2022,23,59
2022-10-31,20627.48,21480.65,20031.24,20905.58,2205754.83045,1667779199999,45589276905.34284,47012044,1100693.97044,22750577655.361526,0,2022-11-06 23:59:59,2022-10-31,20627.48,21480.65,20031.24,20905.58,45589276905.34284,47012044,1100693.97044,22750577655.361526,2205754.83045,31,10,2022,0,0,6,11,2022,23,59
2022-11-07,20905.58,21069.77,15588.0,16329.85,3234391.873932,1668383999999,58481935198.61975,69529948,1600577.598841,28942358620.932453,0,2022-11-13 23:59:59,2022-11-07,20905.58,21069.77,15588.0,16329.85,58481935198.61975,69529948,1600577.598841,28942358620.932453,3234391.873932,7,11,2022,0,0,13,11,2022,23,59
2022-11-14,16331.78,17190.0,15815.21,16280.23,1626234.48043,1668988799999,27077469872.701576,40879146,808233.04529,13458274078.678343,0,2022-11-20 23:59:59,2022-11-14,16331.78,17190.0,15815.21,16280.23,27077469872.701576,40879146,808233.04529,13458274078.678343,1626234.48043,14,11,2022,0,0,20,11,2022,23,59
2022-11-21,16279.5,16812.63,15476.0,16428.78,1561058.479583,1669593599999,25506770070.360386,36585251,775318.46032,12669512752.453428,0,2022-11-27 23:59:59,2022-11-21,16279.5,16812.63,15476.0,16428.78,25506770070.360386,36585251,775318.46032,12669512752.453428,1561058.479583,21,11,2022,0,0,27,11,2022,23,59
2022-11-28,16428.77,17324.0,15995.27,17105.7,1572173.55626,1670198399999,26360161543.308464,33957294,782395.46704,13118194969.46495,0,2022-12-04 23:59:59,2022-11-28,16428.77,17324.0,15995.27,17105.7,26360161543.308464,33957294,782395.46704,13118194969.46495,1572173.55626,28,11,2022,0,0,4,12,2022,23,59
2022-12-05,17106.65,17424.25,16678.83,17085.05,1443791.97519,1670803199999,24639487914.9087,28935324,715127.17858,12204776366.352076,0,2022-12-11 23:59:59,2022-12-05,17106.65,17424.25,16678.83,17085.05,24639487914.9087,28935324,715127.17858,12204776366.352076,1443791.97519,5,12,2022,0,0,11,12,2022,23,59
2022-12-12,17085.05,18387.95,16527.32,16738.21,1511897.62621,1671407999999,26143428661.14803,34216989,750915.1707,12986868567.494251,0,2022-12-18 23:59:59,2022-12-12,17085.05,18387.95,16527.32,16738.21,26143428661.14803,34216989,750915.1707,12986868567.494251,1511897.62621,12,12,2022,0,0,18,12,2022,23,59
2022-12-19,16739.0,17061.27,16256.3,16832.11,1148035.81471,1672012799999,19261867584.508095,30890062,569762.83271,9559861835.221373,0,2022-12-25 23:59:59,2022-12-19,16739.0,17061.27,16256.3,16832.11,19261867584.508095,30890062,569762.83271,9559861835.221373,1148035.81471,19,12,2022,0,0,25,12,2022,23,59
2022-12-26,16832.11,16972.83,16333.0,16616.75,1028681.78419,1672617599999,17128649384.378351,29855688,512673.90334,8536394019.895053,0,2023-01-01 23:59:59,2022-12-26,16832.11,16972.83,16333.0,16616.75,17128649384.378351,29855688,512673.90334,8536394019.895053,1028681.78419,26,12,2022,0,0,1,1,2023,23,59
2023-01-02,16617.17,17176.99,16548.7,17127.83,1112349.61417,1673222399999,18710795015.11229,32938345,553373.3718,9308405394.44382,0,2023-01-08 23:59:59,2023-01-02,16617.17,17176.99,16548.7,17127.83,18710795015.11229,32938345,553373.3718,9308405394.44382,1112349.61417,2,1,2023,0,0,8,1,2023,23,59
2023-01-09,17127.83,21258.0,17104.66,20871.5,2145455.73458,1673827199999,40310160794.01672,48190928,1067943.16719,20072164599.67841,0,2023-01-15 23:59:59,2023-01-09,17127.83,21258.0,17104.66,20871.5,40310160794.01672,48190928,1067943.16719,20072164599.67841,2145455.73458,9,1,2023,0,0,15,1,2023,23,59
2023-01-16,20872.99,23371.8,20407.15,22707.88,2108890.06922,1674431999999,45622643727.57732,48516459,1049279.10042,22702857708.43609,0,2023-01-22 23:59:59,2023-01-16,20872.99,23371.8,20407.15,22707.88,45622643727.57732,48516459,1049279.10042,22702857708.43609,2108890.06922,16,1,2023,0,0,22,1,2023,23,59
2023-01-23,22706.02,23960.54,22300.0,23742.3,1946352.796,1675036799999,44778423206.5102,48187520,968996.15562,22295929039.032776,0,2023-01-29 23:59:59,2023-01-23,22706.02,23960.54,22300.0,23742.3,44778423206.5102,48187520,968996.15562,22295929039.032776,1946352.796,23,1,2023,0,0,29,1,2023,23,59
2023-01-30,23743.37,24255.0,22500.0,22932.91,1949971.72168,1675641599999,45526556536.272514,50318314,971938.93282,22694080189.364677,0,2023-02-05 23:59:59,2023-01-30,23743.37,24255.0,22500.0,22932.91,45526556536.272514,50318314,971938.93282,22694080189.364677,1949971.72168,30,1,2023,0,0,5,2,2023,23,59
2023-02-06,22932.91,23452.0,21451.0,21783.54,1976378.51282,1676246399999,44353818613.73314,48694515,981453.16349,22028536552.652473,0,2023-02-12 23:59:59,2023-02-06,22932.91,23452.0,21451.0,21783.54,44353818613.73314,48694515,981453.16349,22028536552.652473,1976378.51282,6,2,2023,0,0,12,2,2023,23,59
2023-02-13,21782.37,25250.0,21351.07,24271.76,2497565.47508,1676851199999,58739519125.7017,58393471,1250658.3481,29415420384.676327,0,2023-02-19 23:59:59,2023-02-13,21782.37,25250.0,21351.07,24271.76,58739519125.7017,58393471,1250658.3481,29415420384.676327,2497565.47508,13,2,2023,0,0,19,2,2023,23,59
2023-02-20,24272.51,25250.0,22722.0,23554.85,2237983.72753,1677455999999,53750017281.89359,73475940,1113473.63323,26747071749.795383,0,2023-02-26 23:59:59,2023-02-20,24272.51,25250.0,22722.0,23554.85,53750017281.89359,73475940,1113473.63323,26747071749.795383,2237983.72753,20,2,2023,0,0,26,2,2023,23,59
2023-02-27,23554.85,24000.0,21971.13,22430.24,1698503.29143,1678060799999,39224677036.71352,55369117,844309.81084,19500097493.715893,0,2023-03-05 23:59:59,2023-02-27,23554.85,24000.0,21971.13,22430.24,39224677036.71352,55369117,844309.81084,19500097493.715893,1698503.29143,27,2,2023,0,0,5,3,2023,23,59
2023-03-06,22430.24,22602.19,19549.09,21997.11,2718623.72856,1678665599999,57109899451.564095,64620831,1355463.8836,28476826765.340233,0,2023-03-12 23:59:59,2023-03-06,22430.24,22602.19,19549.09,21997.11,57109899451.564095,64620831,1355463.8836,28476826765.340233,2718623.72856,6,3,2023,0,0,12,3,2023,23,59
2023-03-13,21998.05,28390.1,21813.88,27972.87,3775888.94983,1679270399999,95305973200.80873,85715723,1901884.34275,48013500988.60254,0,2023-03-19 23:59:59,2023-03-13,21998.05,28390.1,21813.88,27972.87,95305973200.80873,85715723,1901884.34275,48013500988.60254,3775888.94983,13,3,2023,0,0,19,3,2023,23,59
2023-03-20,27972.87,28868.05,26601.8,27968.05,1437828.84706,1679875199999,40105785082.654655,32723292,717790.29856,20023774476.44785,0,2023-03-26 23:59:59,2023-03-20,27972.87,28868.05,26601.8,27968.05,40105785082.654655,32723292,717790.29856,20023774476.44785,1437828.84706,20,3,2023,0,0,26,3,2023,23,59
2023-03-27,27968.05,29184.68,26508.14,28171.87,500795.73087,1680479999999,13977682781.951061,9943708,249671.68717,6970335432.827182,0,2023-04-02 23:59:59,2023-03-27,27968.05,29184.68,26508.14,28171.87,13977682781.951061,9943708,249671.68717,6970335432.827182,500795.73087,27,3,2023,0,0,2,4,2023,23,59
2023-04-03,28171.87,28775.0,27200.24,28323.76,306532.39014,1681084799999,8605878331.589554,7007729,154082.38621,4326447000.709288,0,2023-04-09 23:59:59,2023-04-03,28171.87,28775.0,27200.24,28323.76,8605878331.589554,7007729,154082.38621,4326447000.709288,306532.39014,3,4,2023,0,0,9,4,2023,23,59
2023-04-10,28323.76,31000.0,28170.0,30304.65,377573.74044,1681689599999,11332769446.671255,7871684,192813.26024,5785142074.341895,0,2023-04-16 23:59:59,2023-04-10,28323.76,31000.0,28170.0,30304.65,11332769446.671255,7871684,192813.26024,5785142074.341895,377573.74044,10,4,2023,0,0,16,4,2023,23,59
2023-04-17,30304.66,30485.0,27125.0,27590.6,430421.84646,1682294399999,12389863959.154465,8610002,212327.63234,6111056800.31741,0,2023-04-23 23:59:59,2023-04-17,30304.66,30485.0,27125.0,27590.6,12389863959.154465,8610002,212327.63234,6111056800.31741,430421.84646,17,4,2023,0,0,23,4,2023,23,59
2023-04-24,27590.59,30036.0,26942.82,29233.21,444613.47701,1682899199999,12771602994.747984,9248254,222195.37101,6383410202.342695,0,2023-04-30 23:59:59,2023-04-24,27590.59,30036.0,26942.82,29233.21,12771602994.747984,9248254,222195.37101,6383410202.342695,444613.47701,24,4,2023,0,0,30,4,2023,23,59
2023-05-01,29233.2,29820.0,27666.95,28430.1,360117.97447,1683503999999,10354875658.978004,8366414,175604.66457,5049605220.43348,0,2023-05-07 23:59:59,2023-05-01,29233.2,29820.0,27666.95,28430.1,10354875658.978004,8366414,175604.66457,5049605220.43348,360117.97447,1,5,2023,0,0,7,5,2023,23,59
2023-05-08,28430.09,28631.01,25811.46,26917.62,338765.74243,1684108799999,9246865802.238815,7982133,164889.34252,4500215085.537124,0,2023-05-14 23:59:59,2023-05-08,28430.09,28631.01,25811.46,26917.62,9246865802.238815,7982133,164889.34252,4500215085.537124,338765.74243,8,5,2023,0,0,14,5,2023,23,59
2023-05-15,26917.61,27663.59,26361.2,26747.78,230394.72253,1684713599999,6232670750.250422,5632311,110813.79288,2998025071.4386096,0,2023-05-21 23:59:59,2023-05-15,26917.61,27663.59,26361.2,26747.78,6232670750.250422,5632311,110813.79288,2998025071.4386096,230394.72253,15,5,2023,0,0,21,5,2023,23,59
2023-05-22,26747.78,28261.32,25871.89,28065.0,251061.07389,1685318399999,6732832133.081761,5214712,123084.11518,3302073852.5986557,0,2023-05-28 23:59:59,2023-05-22,26747.78,28261.32,25871.89,28065.0,6732832133.081761,5214712,123084.11518,3302073852.5986557,251061.07389,22,5,2023,0,0,28,5,2023,23,59
2023-05-29,28065.01,28447.14,26505.0,27115.21,233113.44204,1685923199999,6370610147.837866,5056219,111371.92604,3043127657.698844,0,2023-06-04 23:59:59,2023-05-29,28065.01,28447.14,26505.0,27115.21,6370610147.837866,5056219,111371.92604,3043127657.698844,233113.44204,29,5,2023,0,0,4,6,2023,23,59
2023-06-05,27115.2,27391.77,25351.02,25925.55,347786.76863,1686527999999,9123681850.269142,8221418,166958.56811,4379372085.934589,0,2023-06-11 23:59:59,2023-06-05,27115.2,27391.77,25351.02,25925.55,9123681850.269142,8221418,166958.56811,4379372085.934589,347786.76863,5,6,2023,0,0,11,6,2023,23,59
2023-06-12,25925.54,26839.99,24800.0,26339.97,265685.74051,1687132799999,6864197309.52217,5914978,127368.63821,3291192704.581333,0,2023-06-18 23:59:59,2023-06-12,25925.54,26839.99,24800.0,26339.97,6864197309.52217,5914978,127368.63821,3291192704.581333,265685.74051,12,6,2023,0,0,18,6,2023,23,59
2023-06-19,26339.98,31431.94,26256.61,30462.66,408189.22942,1687737599999,11977753742.2716,7845510,201810.53363,5920715286.60075,0,2023-06-25 23:59:59,2023-06-19,26339.98,31431.94,26256.61,30462.66,11977753742.2716,7845510,201810.53363,5920715286.60075,408189.22942,19,6,2023,0,0,25,6,2023,23,59
2023-06-26,30462.67,31282.0,29500.0,30617.03,294881.44198,1688342399999,8977334209.174366,6151928,143492.21956,4369370545.200928,0,2023-07-02 23:59:59,2023-06-26,30462.67,31282.0,29500.0,30617.03,8977334209.174366,6151928,143492.21956,4369370545.200928,294881.44198,26,6,2023,0,0,2,7,2023,23,59
2023-07-03,30617.02,31500.0,29701.02,30160.71,244056.69119,1688947199999,7465890814.405819,5652625,112449.1872,3440595994.1719875,0,2023-07-09 23:59:59,2023-07-03,30617.02,31500.0,29701.02,30160.71,7465890814.405819,5652625,112449.1872,3440595994.1719875,244056.69119,3,7,2023,0,0,9,7,2023,23,59
2023-07-10,30160.71,31804.2,29900.0,30231.99,269249.39031,1689551999999,8259233660.698028,5930859,129847.29041,3985149496.3481226,0,2023-07-16 23:59:59,2023-07-10,30160.71,31804.2,29900.0,30231.99,8259233660.698028,5930859,129847.29041,3985149496.3481226,269249.39031,10,7,2023,0,0,16,7,2023,23,59
2023-07-17,30232.0,30416.19,29512.0,30384.17,99397.31996,1690156799999,2983829548.339248,2460419,46930.13493,1409029811.9426851,0,2023-07-23 23:59:59,2023-07-17,30232.0,30416.19,29512.0,30384.17,2983829548.339248,2460419,46930.13493,1409029811.9426851,99397.31996,17,7,2023,0,0,23,7,2023,23,59
