timestamp,open,high,low,close,volume,close_time,quote_asset_volume,number_of_trades,taker_buy_base_asset_volume,taker_buy_quote_asset_volume,ignore,2h_close_time,2h_open_time,2h_open,2h_high,2h_low,2h_close,2h_quote_asset_volume,2h_number_of_trades,2h_taker_buy_base_asset_volume,2h_taker_buy_quote_asset_volume,2h_volume,2h_open_time_day,2h_open_time_month,2h_open_time_year,2h_open_time_hour,2h_open_time_minute,2h_close_time_day,2h_close_time_month,2h_close_time_year,2h_close_time_hour,2h_close_time_minute
2023-06-25 00:00:00,30527.44,30624.0,30465.41,30598.52,1493.9498,1687658399999,45625945.0764817,47498,766.51151,23410051.8412783,0,2023-06-25 01:59:59,2023-06-25 00:00:00,30527.44,30624.0,30465.41,30598.52,45625945.0764817,47498,766.51151,23410051.8412783,1493.9498,25,6,2023,0,0,25,6,2023,1,59
2023-06-25 02:00:00,30598.52,30783.68,30592.0,30748.46,2044.27648,1687665599999,62723934.2363641,61552,1108.71435,34018441.4736794,0,2023-06-25 03:59:59,2023-06-25 02:00:00,30598.52,30783.68,30592.0,30748.46,62723934.2363641,61552,1108.71435,34018441.4736794,2044.27648,25,6,2023,2,0,25,6,2023,3,59
2023-06-25 04:00:00,30748.46,31046.01,30748.46,30858.56,4996.18288,1687672799999,154414874.4786008,97460,2629.97957,81279446.3873774,0,2023-06-25 05:59:59,2023-06-25 04:00:00,30748.46,31046.01,30748.46,30858.56,154414874.4786008,97460,2629.97957,81279446.3873774,4996.18288,25,6,2023,4,0,25,6,2023,5,59
2023-06-25 06:00:00,30858.55,30985.91,30666.87,30723.78,3522.39164,1687679999999,108494638.8620909,91179,1630.58652,50221854.0386334,0,2023-06-25 07:59:59,2023-06-25 06:00:00,30858.55,30985.91,30666.87,30723.78,108494638.8620909,91179,1630.58652,50221854.0386334,3522.39164,25,6,2023,6,0,25,6,2023,7,59
2023-06-25 08:00:00,30723.78,30761.7,30588.0,30683.99,2139.03356,1687687199999,65653281.6849725,63756,995.17127,30545126.2863602,0,2023-06-25 09:59:59,2023-06-25 08:00:00,30723.78,30761.7,30588.0,30683.99,65653281.6849725,63756,995.17127,30545126.2863602,2139.03356,25,6,2023,8,0,25,6,2023,9,59
2023-06-25 10:00:00,30683.99,30740.0,30584.51,30716.03,1783.86658,1687694399999,54668911.7083198,54864,954.95635,29267976.7912747,0,2023-06-25 11:59:59,2023-06-25 10:00:00,30683.99,30740.0,30584.51,30716.03,54668911.7083198,54864,954.95635,29267976.7912747,1783.86658,25,6,2023,10,0,25,6,2023,11,59
2023-06-25 12:00:00,30716.03,30739.8,30515.68,30676.5,2635.75531,1687701599999,80730534.810097,71957,1241.59602,38027338.080686,0,2023-06-25 13:59:59,2023-06-25 12:00:00,30716.03,30739.8,30515.68,30676.5,80730534.810097,71957,1241.59602,38027338.080686,2635.75531,25,6,2023,12,0,25,6,2023,13,59
2023-06-25 14:00:00,30676.49,30727.27,30462.0,30585.16,3203.12529,1687708799999,98031577.8883148,77759,1427.07852,43672068.8673372,0,2023-06-25 15:59:59,2023-06-25 14:00:00,30676.49,30727.27,30462.0,30585.16,98031577.8883148,77759,1427.07852,43672068.8673372,3203.12529,25,6,2023,14,0,25,6,2023,15,59
2023-06-25 16:00:00,30585.16,30655.11,30488.0,30526.01,1732.80899,1687715999999,52958583.0853628,56397,832.58352,25447481.0460788,0,2023-06-25 17:59:59,2023-06-25 16:00:00,30585.16,30655.11,30488.0,30526.01,52958583.0853628,56397,832.58352,25447481.0460788,1732.80899,25,6,2023,16,0,25,6,2023,17,59
2023-06-25 18:00:00,30526.0,30526.01,30328.0,30429.78,3138.62096,1687723199999,95426976.3254078,71221,1421.42925,43214724.7301729,0,2023-06-25 19:59:59,2023-06-25 18:00:00,30526.0,30526.01,30328.0,30429.78,95426976.3254078,71221,1421.42925,43214724.7301729,3138.62096,25,6,2023,18,0,25,6,2023,19,59
2023-06-25 20:00:00,30429.78,30530.71,30277.49,30451.52,1982.37949,1687730399999,60309939.528309,53038,920.60258,28011229.4404261,0,2023-06-25 21:59:59,2023-06-25 20:00:00,30429.78,30530.71,30277.49,30451.52,60309939.528309,53038,920.60258,28011229.4404261,1982.37949,25,6,2023,20,0,25,6,2023,21,59
2023-06-25 22:00:00,30451.52,30571.89,30386.66,30462.66,1551.05703,1687737599999,47277446.7324453,43229,698.76527,21298855.5754831,0,2023-06-25 23:59:59,2023-06-25 22:00:00,30451.52,30571.89,30386.66,30462.66,47277446.7324453,43229,698.76527,21298855.5754831,1551.05703,25,6,2023,22,0,25,6,2023,23,59
2023-06-26 00:00:00,30462.67,30550.0,29963.6,30172.74,6479.00195,1687744799999,195961835.6624332,134404,3047.40046,92171991.6378847,0,2023-06-26 01:59:59,2023-06-26 00:00:00,30462.67,30550.0,29963.6,30172.74,195961835.6624332,134404,3047.40046,92171991.6378847,6479.00195,26,6,2023,0,0,26,6,2023,1,59
2023-06-26 02:00:00,30172.73,30328.63,30115.77,30296.36,2728.87856,1687751999999,82430601.6866773,53271,1634.35337,49368498.2386568,0,2023-06-26 03:59:59,2023-06-26 02:00:00,30172.73,30328.63,30115.77,30296.36,82430601.6866773,53271,1634.35337,49368498.2386568,2728.87856,26,6,2023,2,0,26,6,2023,3,59
2023-06-26 04:00:00,30296.35,30323.99,30164.79,30215.05,1999.36596,1687759199999,60462539.1580032,48548,902.9803,27307812.7900095,0,2023-06-26 05:59:59,2023-06-26 04:00:00,30296.35,30323.99,30164.79,30215.05,60462539.1580032,48548,902.9803,27307812.7900095,1999.36596,26,6,2023,4,0,26,6,2023,5,59
2023-06-26 06:00:00,30215.04,30580.0,30194.59,30404.29,4807.18064,1687766399999,146135407.0925691,95199,2607.67403,79284588.3105652,0,2023-06-26 07:59:59,2023-06-26 06:00:00,30215.04,30580.0,30194.59,30404.29,146135407.0925691,95199,2607.67403,79284588.3105652,4807.18064,26,6,2023,6,0,26,6,2023,7,59
2023-06-26 08:00:00,30404.28,30428.36,30245.88,30268.0,2889.81881,1687773599999,87707222.7667719,62251,1403.50698,42592210.8946938,0,2023-06-26 09:59:59,2023-06-26 08:00:00,30404.28,30428.36,30245.88,30268.0,87707222.7667719,62251,1403.50698,42592210.8946938,2889.81881,26,6,2023,8,0,26,6,2023,9,59
2023-06-26 10:00:00,30268.0,30343.6,30130.0,30322.89,2543.87408,1687780799999,76965457.2151488,61611,1155.37112,34955850.8288295,0,2023-06-26 11:59:59,2023-06-26 10:00:00,30268.0,30343.6,30130.0,30322.89,76965457.2151488,61611,1155.37112,34955850.8288295,2543.87408,26,6,2023,10,0,26,6,2023,11,59
2023-06-26 12:00:00,30322.89,30658.49,30257.02,30639.14,3958.11049,1687787999999,120484689.384899,82999,2125.17449,64704885.4032714,0,2023-06-26 13:59:59,2023-06-26 12:00:00,30322.89,30658.49,30257.02,30639.14,120484689.384899,82999,2125.17449,64704885.4032714,3958.11049,26,6,2023,12,0,26,6,2023,13,59
2023-06-26 14:00:00,30639.14,30666.0,30260.01,30419.62,5138.73666,1687795199999,156451166.2998376,102215,2355.20061,71713474.5756224,0,2023-06-26 15:59:59,2023-06-26 14:00:00,30639.14,30666.0,30260.01,30419.62,156451166.2998376,102215,2355.20061,71713474.5756224,5138.73666,26,6,2023,14,0,26,6,2023,15,59
2023-06-26 16:00:00,30419.63,30432.0,29930.0,30084.63,7784.37471,1687802399999,234453726.507868,143171,3566.32303,107413719.351725,0,2023-06-26 17:59:59,2023-06-26 16:00:00,30419.63,30432.0,29930.0,30084.63,234453726.507868,143171,3566.32303,107413719.351725,7784.37471,26,6,2023,16,0,26,6,2023,17,59
2023-06-26 18:00:00,30084.63,30306.96,30040.0,30243.97,3437.54721,1687809599999,103686428.7449866,74369,1765.11698,53245399.2933075,0,2023-06-26 19:59:59,2023-06-26 18:00:00,30084.63,30306.96,30040.0,30243.97,103686428.7449866,74369,1765.11698,53245399.2933075,3437.54721,26,6,2023,18,0,26,6,2023,19,59
2023-06-26 20:00:00,30243.97,30290.0,30116.9,30158.07,1938.86605,1687816799999,58552766.3396194,52997,961.58631,29038264.5212488,0,2023-06-26 21:59:59,2023-06-26 20:00:00,30243.97,30290.0,30116.9,30158.07,58552766.3396194,52997,961.58631,29038264.5212488,1938.86605,26,6,2023,20,0,26,6,2023,21,59
2023-06-26 22:00:00,30158.07,30286.63,30099.0,30267.99,1474.65977,1687823999999,44545816.6863684,43748,752.89516,22743972.7268458,0,2023-06-26 23:59:59,2023-06-26 22:00:00,30158.07,30286.63,30099.0,30267.99,44545816.6863684,43748,752.89516,22743972.7268458,1474.65977,26,6,2023,22,0,26,6,2023,23,59
2023-06-27 00:00:00,30267.99,30390.0,30226.17,30373.77,2148.17872,1687831199999,65125591.5626609,55504,1052.99777,31924640.7500252,0,2023-06-27 01:59:59,2023-06-27 00:00:00,30267.99,30390.0,30226.17,30373.77,65125591.5626609,55504,1052.99777,31924640.7500252,2148.17872,27,6,2023,0,0,27,6,2023,1,59
2023-06-27 02:00:00,30373.76,30496.88,30353.48,30371.57,2741.95902,1687838399999,83443516.2211298,53947,1444.32872,43960434.7254817,0,2023-06-27 03:59:59,2023-06-27 02:00:00,30373.76,30496.88,30353.48,30371.57,83443516.2211298,53947,1444.32872,43960434.7254817,2741.95902,27,6,2023,2,0,27,6,2023,3,59
2023-06-27 04:00:00,30371.56,30385.0,30247.98,30317.9,2137.8467,1687845599999,64853498.0624339,43790,761.99263,23113836.7145735,0,2023-06-27 05:59:59,2023-06-27 04:00:00,30371.56,30385.0,30247.98,30317.9,64853498.0624339,43790,761.99263,23113836.7145735,2137.8467,27,6,2023,4,0,27,6,2023,5,59
2023-06-27 06:00:00,30317.91,30470.8,30233.58,30411.22,2014.87547,1687852799999,61134500.9463081,51315,986.43552,29936425.6180335,0,2023-06-27 07:59:59,2023-06-27 06:00:00,30317.91,30470.8,30233.58,30411.22,61134500.9463081,51315,986.43552,29936425.6180335,2014.87547,27,6,2023,6,0,27,6,2023,7,59
2023-06-27 08:00:00,30411.23,30448.45,30336.0,30377.98,1825.75207,1687859999999,55476733.254858,44769,692.20824,21033503.730428,0,2023-06-27 09:59:59,2023-06-27 08:00:00,30411.23,30448.45,30336.0,30377.98,55476733.254858,44769,692.20824,21033503.730428,1825.75207,27,6,2023,8,0,27,6,2023,9,59
2023-06-27 10:00:00,30377.97,30786.99,30377.97,30729.1,7107.18142,1687867199999,217580226.8709272,112178,3767.21524,115311236.9182221,0,2023-06-27 11:59:59,2023-06-27 10:00:00,30377.97,30786.99,30377.97,30729.1,217580226.8709272,112178,3767.21524,115311236.9182221,7107.18142,27,6,2023,10,0,27,6,2023,11,59
2023-06-27 12:00:00,30729.09,30769.04,30528.0,30610.41,4120.37517,1687874399999,126331184.5664453,76530,1882.14431,57708522.9108155,0,2023-06-27 13:59:59,2023-06-27 12:00:00,30729.09,30769.04,30528.0,30610.41,126331184.5664453,76530,1882.14431,57708522.9108155,4120.37517,27,6,2023,12,0,27,6,2023,13,59
2023-06-27 14:00:00,30610.41,30994.97,30383.0,30498.74,9283.90059,1687881599999,285244738.9732073,154677,4507.29249,138519404.3346584,0,2023-06-27 15:59:59,2023-06-27 14:00:00,30610.41,30994.97,30383.0,30498.74,285244738.9732073,154677,4507.29249,138519404.3346584,9283.90059,27,6,2023,14,0,27,6,2023,15,59
2023-06-27 16:00:00,30498.74,30769.96,30455.5,30733.2,5538.87635,1687888799999,169771741.0538956,87958,3318.96589,101755242.7909452,0,2023-06-27 17:59:59,2023-06-27 16:00:00,30498.74,30769.96,30455.5,30733.2,169771741.0538956,87958,3318.96589,101755242.7909452,5538.87635,27,6,2023,16,0,27,6,2023,17,59
2023-06-27 18:00:00,30733.19,30737.99,30626.67,30648.03,1970.1835,1687895999999,60464394.6260543,47144,934.56156,28681762.8336925,0,2023-06-27 19:59:59,2023-06-27 18:00:00,30733.19,30737.99,30626.67,30648.03,60464394.6260543,47144,934.56156,28681762.8336925,1970.1835,27,6,2023,18,0,27,6,2023,19,59
2023-06-27 20:00:00,30648.03,30728.0,30554.09,30717.42,2478.89877,1687903199999,75956469.3465864,57274,1163.08744,35637671.0116144,0,2023-06-27 21:59:59,2023-06-27 20:00:00,30648.03,30728.0,30554.09,30717.42,75956469.3465864,57274,1163.08744,35637671.0116144,2478.89877,27,6,2023,20,0,27,6,2023,21,59
2023-06-27 22:00:00,30717.41,30736.24,30573.13,30692.44,1331.61379,1687910399999,40823661.5348503,39287,640.06536,19621224.4271511,0,2023-06-27 23:59:59,2023-06-27 22:00:00,30717.41,30736.24,30573.13,30692.44,40823661.5348503,39287,640.06536,19621224.4271511,1331.61379,27,6,2023,22,0,27,6,2023,23,59
2023-06-28 00:00:00,30692.44,30709.74,30460.56,30498.42,2969.74309,1687917599999,90740921.958357,73010,1418.65558,43347372.4558444,0,2023-06-28 01:59:59,2023-06-28 00:00:00,30692.44,30709.74,30460.56,30498.42,90740921.958357,73010,1418.65558,43347372.4558444,2969.74309,28,6,2023,0,0,28,6,2023,1,59
2023-06-28 02:00:00,30498.43,30544.8,30336.36,30452.75,2453.10691,1687924799999,74690861.2410647,51940,1283.51858,39079631.7697387,0,2023-06-28 03:59:59,2023-06-28 02:00:00,30498.43,30544.8,30336.36,30452.75,74690861.2410647,51940,1283.51858,39079631.7697387,2453.10691,28,6,2023,2,0,28,6,2023,3,59
2023-06-28 04:00:00,30452.74,30488.83,30375.0,30452.53,1630.06787,1687931999999,49614754.0408408,45555,800.49629,24365685.822964,0,2023-06-28 05:59:59,2023-06-28 04:00:00,30452.74,30488.83,30375.0,30452.53,49614754.0408408,45555,800.49629,24365685.822964,1630.06787,28,6,2023,4,0,28,6,2023,5,59
2023-06-28 06:00:00,30452.54,30452.54,30155.75,30186.13,4539.80144,1687939199999,137520417.5907658,107711,1956.90649,59267607.6935749,0,2023-06-28 07:59:59,2023-06-28 06:00:00,30452.54,30452.54,30155.75,30186.13,137520417.5907658,107711,1956.90649,59267607.6935749,4539.80144,28,6,2023,6,0,28,6,2023,7,59
2023-06-28 08:00:00,30186.14,30332.53,30150.98,30304.42,2850.20042,1687946399999,86204577.2422146,77891,1395.26016,42203355.9642533,0,2023-06-28 09:59:59,2023-06-28 08:00:00,30186.14,30332.53,30150.98,30304.42,86204577.2422146,77891,1395.26016,42203355.9642533,2850.20042,28,6,2023,8,0,28,6,2023,9,59
2023-06-28 10:00:00,30304.42,30388.0,30282.0,30310.73,1619.40103,1687953599999,49121302.3399442,56047,729.34751,22123459.8091423,0,2023-06-28 11:59:59,2023-06-28 10:00:00,30304.42,30388.0,30282.0,30310.73,49121302.3399442,56047,729.34751,22123459.8091423,1619.40103,28,6,2023,10,0,28,6,2023,11,59
2023-06-28 12:00:00,30310.73,30370.0,30009.0,30202.34,6135.497,1687960799999,185014700.709686,118065,2929.9052,88352089.0775086,0,2023-06-28 13:59:59,2023-06-28 12:00:00,30310.73,30370.0,30009.0,30202.34,185014700.709686,118065,2929.9052,88352089.0775086,6135.497,28,6,2023,12,0,28,6,2023,13,59
2023-06-28 14:00:00,30202.34,30490.86,30147.24,30411.06,4822.72927,1687967999999,146389114.9104889,88644,2584.74208,78453270.9403648,0,2023-06-28 15:59:59,2023-06-28 14:00:00,30202.34,30490.86,30147.24,30411.06,146389114.9104889,88644,2584.74208,78453270.9403648,4822.72927,28,6,2023,14,0,28,6,2023,15,59
2023-06-28 16:00:00,30411.07,30466.36,30056.73,30155.23,3863.71389,1687975199999,116817731.9430683,74408,1680.98344,50826088.7039404,0,2023-06-28 17:59:59,2023-06-28 16:00:00,30411.07,30466.36,30056.73,30155.23,116817731.9430683,74408,1680.98344,50826088.7039404,3863.71389,28,6,2023,16,0,28,6,2023,17,59
2023-06-28 18:00:00,30155.24,30256.0,29858.8,30100.0,5626.36108,1687982399999,169023681.0755471,101737,2494.29119,74947482.6525501,0,2023-06-28 19:59:59,2023-06-28 18:00:00,30155.24,30256.0,29858.8,30100.0,169023681.0755471,101737,2494.29119,74947482.6525501,5626.36108,28,6,2023,18,0,28,6,2023,19,59
2023-06-28 20:00:00,30099.99,30218.55,29948.82,30134.38,2437.0797,1687989599999,73296526.6682789,59956,1229.43637,36978562.0187671,0,2023-06-28 21:59:59,2023-06-28 20:00:00,30099.99,30218.55,29948.82,30134.38,73296526.6682789,59956,1229.43637,36978562.0187671,2437.0797,28,6,2023,20,0,28,6,2023,21,59
2023-06-28 22:00:00,30134.39,30183.5,30057.89,30077.41,1515.81767,1687996799999,45669047.8929999,40506,673.21139,20282118.9247401,0,2023-06-28 23:59:59,2023-06-28 22:00:00,30134.39,30183.5,30057.89,30077.41,45669047.8929999,40506,673.21139,20282118.9247401,1515.81767,28,6,2023,22,0,28,6,2023,23,59
2023-06-29 00:00:00,30077.4,30245.9,30049.98,30168.77,2056.84913,1688003999999,61992962.7311964,52569,1039.66442,31337955.5771946,0,2023-06-29 01:59:59,2023-06-29 00:00:00,30077.4,30245.9,30049.98,30168.77,61992962.7311964,52569,1039.66442,31337955.5771946,2056.84913,29,6,2023,0,0,29,6,2023,1,59
2023-06-29 02:00:00,30168.78,30209.22,30100.0,30176.0,893.88638,1688011199999,26955965.9703568,35624,425.9752,12844686.2712449,0,2023-06-29 03:59:59,2023-06-29 02:00:00,30168.78,30209.22,30100.0,30176.0,26955965.9703568,35624,425.9752,12844686.2712449,893.88638,29,6,2023,2,0,29,6,2023,3,59
2023-06-29 04:00:00,30176.0,30260.0,30141.05,30183.0,1440.43864,1688018399999,43509037.4182721,32976,692.54697,20916369.4006843,0,2023-06-29 05:59:59,2023-06-29 04:00:00,30176.0,30260.0,30141.05,30183.0,43509037.4182721,32976,692.54697,20916369.4006843,1440.43864,29,6,2023,4,0,29,6,2023,5,59
2023-06-29 06:00:00,30183.0,30421.48,30179.6,30340.29,2209.84571,1688025599999,66976466.0264019,55530,1113.49731,33748552.4809854,0,2023-06-29 07:59:59,2023-06-29 06:00:00,30183.0,30421.48,30179.6,30340.29,66976466.0264019,55530,1113.49731,33748552.4809854,2209.84571,29,6,2023,6,0,29,6,2023,7,59
2023-06-29 08:00:00,30340.29,30473.14,30337.23,30433.33,2609.73875,1688032799999,79364022.8886636,60703,1363.12261,41454080.9448079,0,2023-06-29 09:59:59,2023-06-29 08:00:00,30340.29,30473.14,30337.23,30433.33,79364022.8886636,60703,1363.12261,41454080.9448079,2609.73875,29,6,2023,8,0,29,6,2023,9,59
2023-06-29 10:00:00,30433.34,30750.0,30401.21,30670.94,6903.08214,1688039999999,211475824.0911275,110586,3483.89151,106723676.0164689,0,2023-06-29 11:59:59,2023-06-29 10:00:00,30433.34,30750.0,30401.21,30670.94,211475824.0911275,110586,3483.89151,106723676.0164689,6903.08214,29,6,2023,10,0,29,6,2023,11,59
2023-06-29 12:00:00,30670.95,30843.98,30454.12,30564.0,5741.88425,1688047199999,176197343.6892429,104767,2740.8248,84117599.7569122,0,2023-06-29 13:59:59,2023-06-29 12:00:00,30670.95,30843.98,30454.12,30564.0,176197343.6892429,104767,2740.8248,84117599.7569122,5741.88425,29,6,2023,12,0,29,6,2023,13,59
2023-06-29 14:00:00,30564.0,30654.2,30400.0,30478.8,4315.08584,1688054399999,131730294.2532711,76872,2020.14513,61669738.8437437,0,2023-06-29 15:59:59,2023-06-29 14:00:00,30564.0,30654.2,30400.0,30478.8,131730294.2532711,76872,2020.14513,61669738.8437437,4315.08584,29,6,2023,14,0,29,6,2023,15,59
2023-06-29 16:00:00,30478.79,30663.37,30416.63,30543.33,3448.55472,1688061599999,105300476.3586619,69920,1767.9988,53979972.1319928,0,2023-06-29 17:59:59,2023-06-29 16:00:00,30478.79,30663.37,30416.63,30543.33,105300476.3586619,69920,1767.9988,53979972.1319928,3448.55472,29,6,2023,16,0,29,6,2023,17,59
2023-06-29 18:00:00,30543.33,30618.08,30495.89,30584.99,2119.13058,1688068799999,64748539.8760241,51205,1008.25315,30806126.2687778,0,2023-06-29 19:59:59,2023-06-29 18:00:00,30543.33,30618.08,30495.89,30584.99,64748539.8760241,51205,1008.25315,30806126.2687778,2119.13058,29,6,2023,18,0,29,6,2023,19,59
2023-06-29 20:00:00,30584.99,30639.9,30250.0,30417.34,3484.35829,1688075999999,105957773.1568211,72052,1562.99632,47530823.7275286,0,2023-06-29 21:59:59,2023-06-29 20:00:00,30584.99,30639.9,30250.0,30417.34,105957773.1568211,72052,1562.99632,47530823.7275286,3484.35829,29,6,2023,20,0,29,6,2023,21,59
2023-06-29 22:00:00,30417.33,30526.42,30392.78,30447.31,1107.7746,1688083199999,33731683.4642012,35624,615.47235,18743148.8413858,0,2023-06-29 23:59:59,2023-06-29 22:00:00,30417.33,30526.42,30392.78,30447.31,33731683.4642012,35624,615.47235,18743148.8413858,1107.7746,29,6,2023,22,0,29,6,2023,23,59
2023-06-30 00:00:00,30447.31,30511.38,30347.17,30384.53,1873.63641,1688090399999,57004693.48647,52683,886.72094,26978988.4152725,0,2023-06-30 01:59:59,2023-06-30 00:00:00,30447.31,30511.38,30347.17,30384.53,57004693.48647,52683,886.72094,26978988.4152725,1873.63641,30,6,2023,0,0,30,6,2023,1,59
2023-06-30 02:00:00,30384.54,30883.68,30375.57,30745.05,6040.22595,1688097599999,185322910.7129697,110067,3471.2798,106478829.0088921,0,2023-06-30 03:59:59,2023-06-30 02:00:00,30384.54,30883.68,30375.57,30745.05,185322910.7129697,110067,3471.2798,106478829.0088921,6040.22595,30,6,2023,2,0,30,6,2023,3,59
2023-06-30 04:00:00,30745.06,31282.0,30650.02,30736.63,11240.6583,1688104799999,348096480.6806572,184274,5809.96564,179903314.3249093,0,2023-06-30 05:59:59,2023-06-30 04:00:00,30745.06,31282.0,30650.02,30736.63,348096480.6806572,184274,5809.96564,179903314.3249093,11240.6583,30,6,2023,4,0,30,6,2023,5,59
2023-06-30 06:00:00,30736.64,30848.66,30610.01,30765.09,4067.80565,1688111999999,124937586.7892249,77650,1965.92291,60387964.7610833,0,2023-06-30 07:59:59,2023-06-30 06:00:00,30736.64,30848.66,30610.01,30765.09,124937586.7892249,77650,1965.92291,60387964.7610833,4067.80565,30,6,2023,6,0,30,6,2023,7,59
2023-06-30 08:00:00,30765.1,30906.8,30717.5,30768.83,3701.79392,1688119199999,114019338.9956997,84693,1613.6649,49705405.5430302,0,2023-06-30 09:59:59,2023-06-30 08:00:00,30765.1,30906.8,30717.5,30768.83,114019338.9956997,84693,1613.6649,49705405.5430302,3701.79392,30,6,2023,8,0,30,6,2023,9,59
2023-06-30 10:00:00,30768.82,30963.2,30748.85,30910.01,3140.44037,1688126399999,96820183.2228904,73020,1511.99335,46623046.0025174,0,2023-06-30 11:59:59,2023-06-30 10:00:00,30768.82,30963.2,30748.85,30910.01,96820183.2228904,73020,1511.99335,46623046.0025174,3140.44037,30,6,2023,10,0,30,6,2023,11,59
2023-06-30 12:00:00,30910.01,31137.36,29500.0,30135.62,23205.66476,1688133599999,704513242.9728774,385164,10944.82257,332529189.4214974,0,2023-06-30 13:59:59,2023-06-30 12:00:00,30910.01,31137.36,29500.0,30135.62,704513242.9728774,385164,10944.82257,332529189.4214974,23205.66476,30,6,2023,12,0,30,6,2023,13,59
2023-06-30 14:00:00,30135.63,30312.98,29944.0,30067.72,13131.01324,1688140799999,395596721.6460196,182379,6322.3325,190471239.62665647,0,2023-06-30 15:59:59,2023-06-30 14:00:00,30135.63,30312.98,29944.0,30067.72,395596721.6460196,182379,6322.3325,190471239.62665647,13131.01324,30,6,2023,14,0,30,6,2023,15,59
2023-06-30 16:00:00,30067.72,30748.08,29925.5,30455.8,13728.45701,1688147999999,417424017.0099408,206803,7222.23771,219595440.1206889,0,2023-06-30 17:59:59,2023-06-30 16:00:00,30067.72,30748.08,29925.5,30455.8,417424017.0099408,206803,7222.23771,219595440.1206889,13728.45701,30,6,2023,16,0,30,6,2023,17,59
2023-06-30 18:00:00,30455.79,30536.01,30288.01,30372.36,5114.57261,1688155199999,155478849.5980793,97258,2530.7191,76930531.2848013,0,2023-06-30 19:59:59,2023-06-30 18:00:00,30455.79,30536.01,30288.01,30372.36,155478849.5980793,97258,2530.7191,76930531.2848013,5114.57261,30,6,2023,18,0,30,6,2023,19,59
2023-06-30 20:00:00,30372.37,30520.0,30340.46,30479.56,2613.17218,1688162399999,79519138.25078,61882,1266.51486,38539123.3329988,0,2023-06-30 21:59:59,2023-06-30 20:00:00,30372.37,30520.0,30340.46,30479.56,79519138.25078,61882,1266.51486,38539123.3329988,2613.17218,30,6,2023,20,0,30,6,2023,21,59
2023-06-30 22:00:00,30479.57,30544.44,30461.14,30472.0,1561.63578,1688169599999,47622342.1407413,43493,773.63826,23592261.0162292,0,2023-06-30 23:59:59,2023-06-30 22:00:00,30479.57,30544.44,30461.14,30472.0,47622342.1407413,43493,773.63826,23592261.0162292,1561.63578,30,6,2023,22,0,30,6,2023,23,59
2023-07-01 00:00:00,30471.99,30534.74,30380.51,30447.78,2427.20706,1688176799999,73947044.8478287,71271,1131.52822,34472739.1588986,0,2023-07-01 01:59:59,2023-07-01 00:00:00,30471.99,30534.74,30380.51,30447.78,73947044.8478287,71271,1131.52822,34472739.1588986,2427.20706,1,7,2023,0,0,1,7,2023,1,59
2023-07-01 02:00:00,30447.77,30530.64,30375.85,30398.01,1580.8337,1688183999999,48108737.6150101,42936,688.66975,20959891.0044078,0,2023-07-01 03:59:59,2023-07-01 02:00:00,30447.77,30530.64,30375.85,30398.01,48108737.6150101,42936,688.66975,20959891.0044078,1580.8337,1,7,2023,2,0,1,7,2023,3,59
2023-07-01 04:00:00,30398.02,30430.0,30320.57,30429.36,1849.07127,1688191199999,56177400.6531699,45172,829.17043,25192552.6125501,0,2023-07-01 05:59:59,2023-07-01 04:00:00,30398.02,30430.0,30320.57,30429.36,56177400.6531699,45172,829.17043,25192552.6125501,1849.07127,1,7,2023,4,0,1,7,2023,5,59
2023-07-01 06:00:00,30429.36,30472.69,30402.08,30459.88,1436.44707,1688198399999,43717590.0231259,42776,636.78888,19379981.0443956,0,2023-07-01 07:59:59,2023-07-01 06:00:00,30429.36,30472.69,30402.08,30459.88,43717590.0231259,42776,636.78888,19379981.0443956,1436.44707,1,7,2023,6,0,1,7,2023,7,59
2023-07-01 08:00:00,30459.87,30472.22,30420.77,30441.23,1167.4977,1688205599999,35549521.4871154,40952,437.53026,13322651.0700009,0,2023-07-01 09:59:59,2023-07-01 08:00:00,30459.87,30472.22,30420.77,30441.23,35549521.4871154,40952,437.53026,13322651.0700009,1167.4977,1,7,2023,8,0,1,7,2023,9,59
2023-07-01 10:00:00,30441.23,30600.0,30429.84,30523.02,1608.2466,1688212799999,49048947.7489093,53402,744.63949,22713092.316389,0,2023-07-01 11:59:59,2023-07-01 10:00:00,30441.23,30600.0,30429.84,30523.02,49048947.7489093,53402,744.63949,22713092.316389,1608.2466,1,7,2023,10,0,1,7,2023,11,59
2023-07-01 12:00:00,30523.02,30639.01,30503.94,30565.26,2045.70786,1688219999999,62552385.0839028,63148,961.69859,29405632.6715048,0,2023-07-01 13:59:59,2023-07-01 12:00:00,30523.02,30639.01,30503.94,30565.26,62552385.0839028,63148,961.69859,29405632.6715048,2045.70786,1,7,2023,12,0,1,7,2023,13,59
2023-07-01 14:00:00,30565.26,30661.6,30531.22,30572.58,1755.57885,1688227199999,53694155.5020642,57117,929.09205,28416354.1226871,0,2023-07-01 15:59:59,2023-07-01 14:00:00,30565.26,30661.6,30531.22,30572.58,53694155.5020642,57117,929.09205,28416354.1226871,1755.57885,1,7,2023,14,0,1,7,2023,15,59
2023-07-01 16:00:00,30572.59,30600.0,30543.99,30573.86,1251.02301,1688234399999,38245238.6789469,50412,645.5781,19736300.4692479,0,2023-07-01 17:59:59,2023-07-01 16:00:00,30572.59,30600.0,30543.99,30573.86,38245238.6789469,50412,645.5781,19736300.4692479,1251.02301,1,7,2023,16,0,1,7,2023,17,59
2023-07-01 18:00:00,30573.85,30633.92,30568.32,30609.51,989.39789,1688241599999,30281028.732438,40129,505.81834,15481012.9675322,0,2023-07-01 19:59:59,2023-07-01 18:00:00,30573.85,30633.92,30568.32,30609.51,30281028.732438,40129,505.81834,15481012.9675322,989.39789,1,7,2023,18,0,1,7,2023,19,59
2023-07-01 20:00:00,30609.51,30612.68,30570.01,30584.65,659.224,1688248799999,20166663.3319655,29662,270.64278,8279253.1376973,0,2023-07-01 21:59:59,2023-07-01 20:00:00,30609.51,30612.68,30570.01,30584.65,20166663.3319655,29662,270.64278,8279253.1376973,659.224,1,7,2023,20,0,1,7,2023,21,59
2023-07-01 22:00:00,30584.66,30606.88,30548.88,30585.9,731.51574,1688255999999,22370624.4280616,30998,320.98187,9815688.3754547,0,2023-07-01 23:59:59,2023-07-01 22:00:00,30584.66,30606.88,30548.88,30585.9,22370624.4280616,30998,320.98187,9815688.3754547,731.51574,1,7,2023,22,0,1,7,2023,23,59
2023-07-02 00:00:00,30585.9,30649.99,30548.0,30567.56,1371.57519,1688263199999,41944233.7095434,45548,622.9081,19049347.6171194,0,2023-07-02 01:59:59,2023-07-02 00:00:00,30585.9,30649.99,30548.0,30567.56,41944233.7095434,45548,622.9081,19049347.6171194,1371.57519,2,7,2023,0,0,2,7,2023,1,59
2023-07-02 02:00:00,30567.57,30613.7,30463.16,30509.31,1839.82614,1688270399999,56191306.4202545,54302,812.24942,24805196.7612012,0,2023-07-02 03:59:59,2023-07-02 02:00:00,30567.57,30613.7,30463.16,30509.31,56191306.4202545,54302,812.24942,24805196.7612012,1839.82614,2,7,2023,2,0,2,7,2023,3,59
2023-07-02 04:00:00,30509.3,30553.17,30476.0,30481.27,1307.94865,1688277599999,39909621.2287361,39850,481.66704,14696902.4842578,0,2023-07-02 05:59:59,2023-07-02 04:00:00,30509.3,30553.17,30476.0,30481.27,39909621.2287361,39850,481.66704,14696902.4842578,1307.94865,2,7,2023,4,0,2,7,2023,5,59
2023-07-02 06:00:00,30481.27,30517.86,30470.01,30513.01,992.47809,1688284799999,30267960.630117,34983,421.92779,12868021.8687476,0,2023-07-02 07:59:59,2023-07-02 06:00:00,30481.27,30517.86,30470.01,30513.01,30267960.630117,34983,421.92779,12868021.8687476,992.47809,2,7,2023,6,0,2,7,2023,7,59
2023-07-02 08:00:00,30513.01,30552.0,30484.0,30516.81,990.98703,1688291999999,30245193.5309304,34114,415.92738,12694207.6150873,0,2023-07-02 09:59:59,2023-07-02 08:00:00,30513.01,30552.0,30484.0,30516.81,30245193.5309304,34114,415.92738,12694207.6150873,990.98703,2,7,2023,8,0,2,7,2023,9,59
2023-07-02 10:00:00,30516.81,30544.74,30505.18,30544.74,924.73431,1688299199999,28224749.7219957,32540,415.20429,12672791.6084301,0,2023-07-02 11:59:59,2023-07-02 10:00:00,30516.81,30544.74,30505.18,30544.74,28224749.7219957,32540,415.20429,12672791.6084301,924.73431,2,7,2023,10,0,2,7,2023,11,59
2023-07-02 12:00:00,30544.74,30574.75,30493.61,30517.96,1141.47734,1688306399999,34847723.8771439,39760,481.19606,14689259.1293183,0,2023-07-02 13:59:59,2023-07-02 12:00:00,30544.74,30574.75,30493.61,30517.96,34847723.8771439,39760,481.19606,14689259.1293183,1141.47734,2,7,2023,12,0,2,7,2023,13,59
2023-07-02 14:00:00,30517.95,30628.0,30155.0,30498.01,4600.17067,1688313599999,140000319.5029359,99438,2082.29231,63365173.0133408,0,2023-07-02 15:59:59,2023-07-02 14:00:00,30517.95,30628.0,30155.0,30498.01,140000319.5029359,99438,2082.29231,63365173.0133408,4600.17067,2,7,2023,14,0,2,7,2023,15,59
2023-07-02 16:00:00,30498.0,30693.14,30424.92,30441.2,2615.13815,1688320799999,79911255.1333355,59417,1125.01538,34379620.7718311,0,2023-07-02 17:59:59,2023-07-02 16:00:00,30498.0,30693.14,30424.92,30441.2,79911255.1333355,59417,1125.01538,34379620.7718311,2615.13815,2,7,2023,16,0,2,7,2023,17,59
2023-07-02 18:00:00,30441.2,30559.9,30366.65,30557.74,1389.8939,1688327999999,42360872.67589,36892,638.86011,19471603.4485969,0,2023-07-02 19:59:59,2023-07-02 18:00:00,30441.2,30559.9,30366.65,30557.74,42360872.67589,36892,638.86011,19471603.4485969,1389.8939,2,7,2023,18,0,2,7,2023,19,59
2023-07-02 20:00:00,30557.74,30621.11,30497.3,30557.44,1431.96033,1688335199999,43781351.8121399,34271,654.79555,20022787.9059069,0,2023-07-02 21:59:59,2023-07-02 20:00:00,30557.74,30621.11,30497.3,30557.44,43781351.8121399,34271,654.79555,20022787.9059069,1431.96033,2,7,2023,20,0,2,7,2023,21,59
2023-07-02 22:00:00,30557.44,30791.0,30425.47,30617.03,4680.22039,1688342399999,143346835.1904202,80418,2478.20397,75901119.734331,0,2023-07-02 23:59:59,2023-07-02 22:00:00,30557.44,30791.0,30425.47,30617.03,143346835.1904202,80418,2478.20397,75901119.734331,4680.22039,2,7,2023,22,0,2,7,2023,23,59
2023-07-03 00:00:00,30617.02,30756.5,30587.77,30660.86,1639.85279,1688349599999,50271303.2492958,44285,791.99695,24278243.9625515,0,2023-07-03 01:59:59,2023-07-03 00:00:00,30617.02,30756.5,30587.77,30660.86,50271303.2492958,44285,791.99695,24278243.9625515,1639.85279,3,7,2023,0,0,3,7,2023,1,59
2023-07-03 02:00:00,30660.86,30800.01,30660.86,30756.65,1977.79936,1688356799999,60828316.3231182,45299,1076.90756,33120697.0586266,0,2023-07-03 03:59:59,2023-07-03 02:00:00,30660.86,30800.01,30660.86,30756.65,60828316.3231182,45299,1076.90756,33120697.0586266,1977.79936,3,7,2023,2,0,3,7,2023,3,59
2023-07-03 04:00:00,30756.65,30795.8,30666.52,30673.62,1733.82828,1688363999999,53250704.9262578,39675,780.97228,23987763.2396163,0,2023-07-03 05:59:59,2023-07-03 04:00:00,30756.65,30795.8,30666.52,30673.62,53250704.9262578,39675,780.97228,23987763.2396163,1733.82828,3,7,2023,4,0,3,7,2023,5,59
2023-07-03 06:00:00,30673.61,30759.8,30606.0,30667.19,2795.31874,1688371199999,85756339.9013319,53233,1111.92445,34119856.7968958,0,2023-07-03 07:59:59,2023-07-03 06:00:00,30673.61,30759.8,30606.0,30667.19,85756339.9013319,53233,1111.92445,34119856.7968958,2795.31874,3,7,2023,6,0,3,7,2023,7,59
2023-07-03 08:00:00,30667.19,30700.92,30599.07,30610.61,2224.52902,1688378399999,68178661.5759909,49154,829.55912,25425879.2649498,0,2023-07-03 09:59:59,2023-07-03 08:00:00,30667.19,30700.92,30599.07,30610.61,68178661.5759909,49154,829.55912,25425879.2649498,2224.52902,3,7,2023,8,0,3,7,2023,9,59
2023-07-03 10:00:00,30610.6,30676.74,30583.01,30625.22,3426.79368,1688385599999,104989394.3544518,49918,1581.96114,48468099.1388631,0,2023-07-03 11:59:59,2023-07-03 10:00:00,30610.6,30676.74,30583.01,30625.22,104989394.3544518,49918,1581.96114,48468099.1388631,3426.79368,3,7,2023,10,0,3,7,2023,11,59
2023-07-03 12:00:00,30625.22,30696.83,30570.27,30653.84,2739.48276,1688392799999,83911752.1907259,56076,1427.19558,43716728.1987572,0,2023-07-03 13:59:59,2023-07-03 12:00:00,30625.22,30696.83,30570.27,30653.84,83911752.1907259,56076,1427.19558,43716728.1987572,2739.48276,3,7,2023,12,0,3,7,2023,13,59
2023-07-03 14:00:00,30653.83,31170.0,30653.29,31068.64,8767.28037,1688399999999,271231894.2731482,132666,4521.46149,139901580.9366792,0,2023-07-03 15:59:59,2023-07-03 14:00:00,30653.83,31170.0,30653.29,31068.64,271231894.2731482,132666,4521.46149,139901580.9366792,8767.28037,3,7,2023,14,0,3,7,2023,15,59
2023-07-03 16:00:00,31068.64,31127.76,30800.8,31000.98,5729.22716,1688407199999,177539290.7466065,92915,2591.40446,80306103.5790157,0,2023-07-03 17:59:59,2023-07-03 16:00:00,31068.64,31127.76,30800.8,31000.98,177539290.7466065,92915,2591.40446,80306103.5790157,5729.22716,3,7,2023,16,0,3,7,2023,17,59
2023-07-03 18:00:00,31000.98,31380.0,30995.77,31255.84,6767.46282,1688414399999,211215158.4459347,106767,3434.52133,107186265.7114901,0,2023-07-03 19:59:59,2023-07-03 18:00:00,31000.98,31380.0,30995.77,31255.84,211215158.4459347,106767,3434.52133,107186265.7114901,6767.46282,3,7,2023,18,0,3,7,2023,19,59
2023-07-03 20:00:00,31255.83,31299.16,30900.0,31050.23,4171.02514,1688421599999,129798656.9139673,72939,1853.60826,57672349.5542661,0,2023-07-03 21:59:59,2023-07-03 20:00:00,31255.83,31299.16,30900.0,31050.23,129798656.9139673,72939,1853.60826,57672349.5542661,4171.02514,3,7,2023,20,0,3,7,2023,21,59
2023-07-03 22:00:00,31050.22,31157.89,31040.9,31156.2,1789.04299,1688428799999,55663866.6035645,38928,884.43069,27515167.935638,0,2023-07-03 23:59:59,2023-07-03 22:00:00,31050.22,31157.89,31040.9,31156.2,55663866.6035645,38928,884.43069,27515167.935638,1789.04299,3,7,2023,22,0,3,7,2023,23,59
2023-07-04 00:00:00,31156.2,31350.69,31096.48,31288.8,3672.86571,1688435999999,114648491.3128789,68063,1756.10421,54812171.0109154,0,2023-07-04 01:59:59,2023-07-04 00:00:00,31156.2,31350.69,31096.48,31288.8,114648491.3128789,68063,1756.10421,54812171.0109154,3672.86571,4,7,2023,0,0,4,7,2023,1,59
2023-07-04 02:00:00,31288.8,31325.76,31179.09,31195.69,2242.7346,1688443199999,70070862.5935262,50378,970.08641,30311199.2937155,0,2023-07-04 03:59:59,2023-07-04 02:00:00,31288.8,31325.76,31179.09,31195.69,70070862.5935262,50378,970.08641,30311199.2937155,2242.7346,4,7,2023,2,0,4,7,2023,3,59
2023-07-04 04:00:00,31195.68,31212.26,30972.69,30972.7,2638.39436,1688450399999,81972000.0274351,68066,1089.79854,33859992.1302073,0,2023-07-04 05:59:59,2023-07-04 04:00:00,31195.68,31212.26,30972.69,30972.7,81972000.0274351,68066,1089.79854,33859992.1302073,2638.39436,4,7,2023,4,0,4,7,2023,5,59
2023-07-04 06:00:00,30972.7,31052.91,30879.29,30911.41,3585.67064,1688457599999,111013741.1183602,71701,1346.02974,41682156.1578844,0,2023-07-04 07:59:59,2023-07-04 06:00:00,30972.7,31052.91,30879.29,30911.41,111013741.1183602,71701,1346.02974,41682156.1578844,3585.67064,4,7,2023,6,0,4,7,2023,7,59
2023-07-04 08:00:00,30911.4,31045.0,30867.68,31016.91,2399.08717,1688464799999,74276535.7992265,57935,1150.96965,35632191.3842769,0,2023-07-04 09:59:59,2023-07-04 08:00:00,30911.4,31045.0,30867.68,31016.91,74276535.7992265,57935,1150.96965,35632191.3842769,2399.08717,4,7,2023,8,0,4,7,2023,9,59
2023-07-04 10:00:00,31016.92,31080.0,30946.0,31067.99,1880.81807,1688471999999,58349105.9311824,52258,851.82928,26425979.5755744,0,2023-07-04 11:59:59,2023-07-04 10:00:00,31016.92,31080.0,30946.0,31067.99,58349105.9311824,52258,851.82928,26425979.5755744,1880.81807,4,7,2023,10,0,4,7,2023,11,59
2023-07-04 12:00:00,31067.99,31080.0,30979.0,30999.55,1961.14848,1688479199999,60855414.9509532,53656,808.54502,25089700.5368355,0,2023-07-04 13:59:59,2023-07-04 12:00:00,31067.99,31080.0,30979.0,30999.55,60855414.9509532,53656,808.54502,25089700.5368355,1961.14848,4,7,2023,12,0,4,7,2023,13,59
2023-07-04 14:00:00,30999.54,31046.0,30886.0,30964.37,3156.40088,1688486399999,97744500.2798246,69105,1133.75431,35108052.5383173,0,2023-07-04 15:59:59,2023-07-04 14:00:00,30999.54,31046.0,30886.0,30964.37,97744500.2798246,69105,1133.75431,35108052.5383173,3156.40088,4,7,2023,14,0,4,7,2023,15,59
2023-07-04 16:00:00,30964.38,31130.0,30807.0,30900.01,4200.22773,1688493599999,130027433.1742811,97568,1836.49974,56856232.4838822,0,2023-07-04 17:59:59,2023-07-04 16:00:00,30964.38,31130.0,30807.0,30900.01,130027433.1742811,97568,1836.49974,56856232.4838822,4200.22773,4,7,2023,16,0,4,7,2023,17,59
2023-07-04 18:00:00,30900.01,30934.92,30620.0,30696.84,4494.78452,1688500799999,138316446.7908698,109151,1861.07474,57260438.1225198,0,2023-07-04 19:59:59,2023-07-04 18:00:00,30900.01,30934.92,30620.0,30696.84,138316446.7908698,109151,1861.07474,57260438.1225198,4494.78452,4,7,2023,18,0,4,7,2023,19,59
2023-07-04 20:00:00,30696.84,30822.85,30668.5,30803.72,1930.52707,1688507999999,59382789.4165084,49086,838.64036,25795375.9246664,0,2023-07-04 21:59:59,2023-07-04 20:00:00,30696.84,30822.85,30668.5,30803.72,59382789.4165084,49086,838.64036,25795375.9246664,1930.52707,4,7,2023,20,0,4,7,2023,21,59
2023-07-04 22:00:00,30803.72,30843.73,30760.35,30766.51,1043.4602,1688515199999,32136687.1294748,32505,464.03366,14292664.9253274,0,2023-07-04 23:59:59,2023-07-04 22:00:00,30803.72,30843.73,30760.35,30766.51,32136687.1294748,32505,464.03366,14292664.9253274,1043.4602,4,7,2023,22,0,4,7,2023,23,59
2023-07-05 00:00:00,30766.52,30843.31,30752.0,30795.93,1369.62648,1688522399999,42183254.1007872,38381,557.97331,17185817.9678733,0,2023-07-05 01:59:59,2023-07-05 00:00:00,30766.52,30843.31,30752.0,30795.93,42183254.1007872,38381,557.97331,17185817.9678733,1369.62648,5,7,2023,0,0,5,7,2023,1,59
2023-07-05 02:00:00,30795.92,30878.07,30794.05,30868.71,1468.56558,1688529599999,45294181.2435205,33245,595.78179,18375376.5052579,0,2023-07-05 03:59:59,2023-07-05 02:00:00,30795.92,30878.07,30794.05,30868.71,45294181.2435205,33245,595.78179,18375376.5052579,1468.56558,5,7,2023,2,0,5,7,2023,3,59
2023-07-05 04:00:00,30868.71,30869.57,30794.18,30814.08,1370.88726,1688536799999,42279086.7426594,35388,610.22212,18820425.4453269,0,2023-07-05 05:59:59,2023-07-05 04:00:00,30868.71,30869.57,30794.18,30814.08,42279086.7426594,35388,610.22212,18820425.4453269,1370.88726,5,7,2023,4,0,5,7,2023,5,59
2023-07-05 06:00:00,30814.08,30832.96,30762.0,30774.25,1407.53041,1688543999999,43342388.7242538,41498,526.82298,16223401.0285384,0,2023-07-05 07:59:59,2023-07-05 06:00:00,30814.08,30832.96,30762.0,30774.25,43342388.7242538,41498,526.82298,16223401.0285384,1407.53041,5,7,2023,6,0,5,7,2023,7,59
2023-07-05 08:00:00,30774.24,30810.34,30650.47,30680.0,2582.71335,1688551199999,79385921.8858012,68409,1115.46147,34288462.3365185,0,2023-07-05 09:59:59,2023-07-05 08:00:00,30774.24,30810.34,30650.47,30680.0,79385921.8858012,68409,1115.46147,34288462.3365185,2582.71335,5,7,2023,8,0,5,7,2023,9,59
2023-07-05 10:00:00,30680.0,30715.0,30350.0,30404.3,6553.43231,1688558399999,199957546.6953751,149160,2890.17969,88182324.4185261,0,2023-07-05 11:59:59,2023-07-05 10:00:00,30680.0,30715.0,30350.0,30404.3,199957546.6953751,149160,2890.17969,88182324.4185261,6553.43231,5,7,2023,10,0,5,7,2023,11,59
2023-07-05 12:00:00,30404.31,30436.0,30200.0,30357.31,5652.02887,1688565599999,171402900.9659732,134924,2618.13097,79396600.4037784,0,2023-07-05 13:59:59,2023-07-05 12:00:00,30404.31,30436.0,30200.0,30357.31,171402900.9659732,134924,2618.13097,79396600.4037784,5652.02887,5,7,2023,12,0,5,7,2023,13,59
2023-07-05 14:00:00,30357.31,30452.0,30237.35,30356.11,4772.65079,1688572799999,144917896.2742459,105058,2767.97743,84065852.4043217,0,2023-07-05 15:59:59,2023-07-05 14:00:00,30357.31,30452.0,30237.35,30356.11,144917896.2742459,105058,2767.97743,84065852.4043217,4772.65079,5,7,2023,14,0,5,7,2023,15,59
2023-07-05 16:00:00,30356.11,30581.32,30333.7,30523.21,2632.29745,1688579999999,80196070.5581751,70407,1408.1529,42899642.5073914,0,2023-07-05 17:59:59,2023-07-05 16:00:00,30356.11,30581.32,30333.7,30523.21,80196070.5581751,70407,1408.1529,42899642.5073914,2632.29745,5,7,2023,16,0,5,7,2023,17,59
2023-07-05 18:00:00,30523.22,30591.57,30425.09,30431.95,2003.42739,1688587199999,61111093.8246506,57629,814.39306,24840854.4995239,0,2023-07-05 19:59:59,2023-07-05 18:00:00,30523.22,30591.57,30425.09,30431.95,61111093.8246506,57629,814.39306,24840854.4995239,2003.42739,5,7,2023,18,0,5,7,2023,19,59
2023-07-05 20:00:00,30431.95,30497.72,30383.83,30469.99,1535.55864,1688594399999,46761998.9664027,46003,726.91473,22137189.5664829,0,2023-07-05 21:59:59,2023-07-05 20:00:00,30431.95,30497.72,30383.83,30469.99,46761998.9664027,46003,726.91473,22137189.5664829,1535.55864,5,7,2023,20,0,5,7,2023,21,59
2023-07-05 22:00:00,30469.99,30539.13,30389.96,30504.81,1866.95269,1688601599999,56862450.3352054,47824,987.10671,30062307.8598739,0,2023-07-05 23:59:59,2023-07-05 22:00:00,30469.99,30539.13,30389.96,30504.81,56862450.3352054,47824,987.10671,30062307.8598739,1866.95269,5,7,2023,22,0,5,7,2023,23,59
2023-07-06 00:00:00,30504.8,30531.25,30327.0,30476.71,1508.97473,1688608799999,45921061.1396465,52296,742.86388,22607108.3376293,0,2023-07-06 01:59:59,2023-07-06 00:00:00,30504.8,30531.25,30327.0,30476.71,45921061.1396465,52296,742.86388,22607108.3376293,1508.97473,6,7,2023,0,0,6,7,2023,1,59
2023-07-06 02:00:00,30476.71,30560.51,30458.08,30490.85,1356.20631,1688615999999,41366089.0552565,45328,648.58532,19782612.2275839,0,2023-07-06 03:59:59,2023-07-06 02:00:00,30476.71,30560.51,30458.08,30490.85,41366089.0552565,45328,648.58532,19782612.2275839,1356.20631,6,7,2023,2,0,6,7,2023,3,59
2023-07-06 04:00:00,30490.85,30630.0,30438.26,30582.51,1812.15203,1688623199999,55313905.3328482,53459,921.8486,28140964.9009085,0,2023-07-06 05:59:59,2023-07-06 04:00:00,30490.85,30630.0,30438.26,30582.51,55313905.3328482,53459,921.8486,28140964.9009085,1812.15203,6,7,2023,4,0,6,7,2023,5,59
2023-07-06 06:00:00,30582.5,30857.89,30560.0,30803.19,4264.61144,1688630399999,131028923.92726,89107,2270.74673,69769925.3999748,0,2023-07-06 07:59:59,2023-07-06 06:00:00,30582.5,30857.89,30560.0,30803.19,131028923.92726,89107,2270.74673,69769925.3999748,4264.61144,6,7,2023,6,0,6,7,2023,7,59
2023-07-06 08:00:00,30803.2,31500.0,30783.58,31069.6,13932.86127,1688637599999,435263968.3470236,245583,7284.61636,227515848.67921,0,2023-07-06 09:59:59,2023-07-06 08:00:00,30803.2,31500.0,30783.58,31069.6,435263968.3470236,245583,7284.61636,227515848.67921,13932.86127,6,7,2023,8,0,6,7,2023,9,59
2023-07-06 10:00:00,31069.6,31273.6,30701.0,30846.55,6550.98286,1688644799999,203418240.9354348,119049,2917.44713,90591314.3018705,0,2023-07-06 11:59:59,2023-07-06 10:00:00,31069.6,31273.6,30701.0,30846.55,203418240.9354348,119049,2917.44713,90591314.3018705,6550.98286,6,7,2023,10,0,6,7,2023,11,59
2023-07-06 12:00:00,30846.55,30887.1,30310.0,30373.47,10848.1532,1688651999999,331986090.9684431,179345,4618.22638,141345825.2453244,0,2023-07-06 13:59:59,2023-07-06 12:00:00,30846.55,30887.1,30310.0,30373.47,331986090.9684431,179345,4618.22638,141345825.2453244,10848.1532,6,7,2023,12,0,6,7,2023,13,59
2023-07-06 14:00:00,30373.48,30494.0,29888.0,30407.01,16264.16068,1688659199999,490930095.904966,265226,7667.0933,231452883.9305761,0,2023-07-06 15:59:59,2023-07-06 14:00:00,30373.48,30494.0,29888.0,30407.01,490930095.904966,265226,7667.0933,231452883.9305761,16264.16068,6,7,2023,14,0,6,7,2023,15,59
2023-07-06 16:00:00,30407.0,30464.13,30157.41,30294.86,4993.35827,1688666399999,151399891.8143461,101638,2312.69294,70123910.2896998,0,2023-07-06 17:59:59,2023-07-06 16:00:00,30407.0,30464.13,30157.41,30294.86,151399891.8143461,101638,2312.69294,70123910.2896998,4993.35827,6,7,2023,16,0,6,7,2023,17,59
2023-07-06 18:00:00,30294.85,30392.24,30210.0,30309.88,2640.12126,1688673599999,79978864.9883929,67766,1399.32137,42389231.1971808,0,2023-07-06 19:59:59,2023-07-06 18:00:00,30294.85,30392.24,30210.0,30309.88,79978864.9883929,67766,1399.32137,42389231.1971808,2640.12126,6,7,2023,18,0,6,7,2023,19,59
2023-07-06 20:00:00,30309.88,30345.18,30177.77,30224.72,1946.59628,1688680799999,58912302.8050406,57014,923.4011,27945805.8741507,0,2023-07-06 21:59:59,2023-07-06 20:00:00,30309.88,30345.18,30177.77,30224.72,58912302.8050406,57014,923.4011,27945805.8741507,1946.59628,6,7,2023,20,0,6,7,2023,21,59
2023-07-06 22:00:00,30224.73,30267.77,29850.45,29895.43,5201.44777,1688687999999,156244213.7766113,121231,2245.78926,67471704.9094422,0,2023-07-06 23:59:59,2023-07-06 22:00:00,30224.73,30267.77,29850.45,29895.43,156244213.7766113,121231,2245.78926,67471704.9094422,5201.44777,6,7,2023,22,0,6,7,2023,23,59
2023-07-07 00:00:00,29895.42,30119.06,29701.02,30086.0,6273.82058,1688695199999,187822372.7772252,141704,2685.55205,80400003.3537383,0,2023-07-07 01:59:59,2023-07-07 00:00:00,29895.42,30119.06,29701.02,30086.0,187822372.7772252,141704,2685.55205,80400003.3537383,6273.82058,7,7,2023,0,0,7,7,2023,1,59
2023-07-07 02:00:00,30085.99,30165.64,30054.74,30135.4,2615.79615,1688702399999,78749946.8069743,67327,1050.45695,31625340.9269876,0,2023-07-07 03:59:59,2023-07-07 02:00:00,30085.99,30165.64,30054.74,30135.4,78749946.8069743,67327,1050.45695,31625340.9269876,2615.79615,7,7,2023,2,0,7,7,2023,3,59
2023-07-07 04:00:00,30135.41,30300.0,30057.2,30208.4,2607.63409,1688709599999,78667149.9832706,79194,1059.8069,31976718.8775167,0,2023-07-07 05:59:59,2023-07-07 04:00:00,30135.41,30300.0,30057.2,30208.4,78667149.9832706,79194,1059.8069,31976718.8775167,2607.63409,7,7,2023,4,0,7,7,2023,5,59
2023-07-07 06:00:00,30208.4,30240.01,29930.53,30007.4,2997.65397,1688716799999,90235277.3361187,85249,1156.98187,34813376.6266383,0,2023-07-07 07:59:59,2023-07-07 06:00:00,30208.4,30240.01,29930.53,30007.4,90235277.3361187,85249,1156.98187,34813376.6266383,2997.65397,7,7,2023,6,0,7,7,2023,7,59
2023-07-07 08:00:00,30007.41,30187.27,29970.0,30138.79,2039.11195,1688723999999,61348631.8573773,65995,960.71398,28904200.4734992,0,2023-07-07 09:59:59,2023-07-07 08:00:00,30007.41,30187.27,29970.0,30138.79,61348631.8573773,65995,960.71398,28904200.4734992,2039.11195,7,7,2023,8,0,7,7,2023,9,59
2023-07-07 10:00:00,30138.79,30199.0,30088.99,30118.7,2228.86353,1688731199999,67175736.7220018,54693,1035.31824,31199256.2927134,0,2023-07-07 11:59:59,2023-07-07 10:00:00,30138.79,30199.0,30088.99,30118.7,67175736.7220018,54693,1035.31824,31199256.2927134,2228.86353,7,7,2023,10,0,7,7,2023,11,59
2023-07-07 12:00:00,30118.7,30388.0,30041.05,30385.39,5447.83164,1688738399999,164637887.3011687,130794,2707.46847,81837933.5283865,0,2023-07-07 13:59:59,2023-07-07 12:00:00,30118.7,30388.0,30041.05,30385.39,164637887.3011687,130794,2707.46847,81837933.5283865,5447.83164,7,7,2023,12,0,7,7,2023,13,59
2023-07-07 14:00:00,30385.4,30443.75,30263.97,30390.83,3530.38791,1688745599999,107173875.8290052,95945,1503.33354,45641069.389615,0,2023-07-07 15:59:59,2023-07-07 14:00:00,30385.4,30443.75,30263.97,30390.83,107173875.8290052,95945,1503.33354,45641069.389615,3530.38791,7,7,2023,14,0,7,7,2023,15,59
2023-07-07 16:00:00,30390.83,30449.0,30186.39,30238.46,2302.24062,1688752799999,69814991.6888675,67452,951.90013,28866959.4853234,0,2023-07-07 17:59:59,2023-07-07 16:00:00,30390.83,30449.0,30186.39,30238.46,69814991.6888675,67452,951.90013,28866959.4853234,2302.24062,7,7,2023,16,0,7,7,2023,17,59
2023-07-07 18:00:00,30238.47,30250.01,30116.0,30246.2,1727.0502,1688759999999,52155842.1687864,51620,799.33011,24139740.988114,0,2023-07-07 19:59:59,2023-07-07 18:00:00,30238.47,30250.01,30116.0,30246.2,52155842.1687864,51620,799.33011,24139740.988114,1727.0502,7,7,2023,18,0,7,7,2023,19,59
2023-07-07 20:00:00,30246.21,30344.02,30214.16,30289.64,1273.35566,1688767199999,38552189.5912861,40912,539.3762,16330447.3146949,0,2023-07-07 21:59:59,2023-07-07 20:00:00,30246.21,30344.02,30214.16,30289.64,38552189.5912861,40912,539.3762,16330447.3146949,1273.35566,7,7,2023,20,0,7,7,2023,21,59
2023-07-07 22:00:00,30289.63,30346.06,30283.8,30344.7,1026.79265,1688774399999,31127893.1711273,32063,425.62465,12903714.1266644,0,2023-07-07 23:59:59,2023-07-07 22:00:00,30289.63,30346.06,30283.8,30344.7,31127893.1711273,32063,425.62465,12903714.1266644,1026.79265,7,7,2023,22,0,7,7,2023,23,59
2023-07-08 00:00:00,30344.7,30344.71,30257.07,30304.58,961.49778,1688781599999,29129737.6010203,38318,449.777,13626003.927463,0,2023-07-08 01:59:59,2023-07-08 00:00:00,30344.7,30344.71,30257.07,30304.58,29129737.6010203,38318,449.777,13626003.927463,961.49778,8,7,2023,0,0,8,7,2023,1,59
2023-07-08 02:00:00,30304.59,30386.81,30272.35,30274.83,1071.63545,1688788799999,32493103.219055,34006,553.31043,16779375.5601912,0,2023-07-08 03:59:59,2023-07-08 02:00:00,30304.59,30386.81,30272.35,30274.83,32493103.219055,34006,553.31043,16779375.5601912,1071.63545,8,7,2023,2,0,8,7,2023,3,59
2023-07-08 04:00:00,30274.82,30279.19,30183.39,30239.49,1256.42029,1688795999999,37982969.8054842,37135,474.78442,14353502.6553253,0,2023-07-08 05:59:59,2023-07-08 04:00:00,30274.82,30279.19,30183.39,30239.49,37982969.8054842,37135,474.78442,14353502.6553253,1256.42029,8,7,2023,4,0,8,7,2023,5,59
2023-07-08 06:00:00,30239.5,30254.73,30145.21,30193.36,1072.90382,1688803199999,32400775.4588915,42441,439.25173,13264124.9123368,0,2023-07-08 07:59:59,2023-07-08 06:00:00,30239.5,30254.73,30145.21,30193.36,32400775.4588915,42441,439.25173,13264124.9123368,1072.90382,8,7,2023,6,0,8,7,2023,7,59
2023-07-08 08:00:00,30193.36,30313.98,30190.19,30248.72,1249.46901,1688810399999,37806137.5497448,43996,727.18171,22002500.8116301,0,2023-07-08 09:59:59,2023-07-08 08:00:00,30193.36,30313.98,30190.19,30248.72,37806137.5497448,43996,727.18171,22002500.8116301,1249.46901,8,7,2023,8,0,8,7,2023,9,59
2023-07-08 10:00:00,30248.71,30253.52,30156.23,30201.71,841.20944,1688817599999,25410803.8003624,39893,328.96432,9936655.9898778,0,2023-07-08 11:59:59,2023-07-08 10:00:00,30248.71,30253.52,30156.23,30201.71,25410803.8003624,39893,328.96432,9936655.9898778,841.20944,8,7,2023,10,0,8,7,2023,11,59
2023-07-08 12:00:00,30201.72,30239.37,30152.19,30209.32,907.34441,1688824799999,27400470.5999271,42683,351.15003,10604415.0948628,0,2023-07-08 13:59:59,2023-07-08 12:00:00,30201.72,30239.37,30152.19,30209.32,27400470.5999271,42683,351.15003,10604415.0948628,907.34441,8,7,2023,12,0,8,7,2023,13,59
2023-07-08 14:00:00,30209.33,30231.17,30180.94,30208.0,720.79805,1688831999999,21773250.5745153,37785,255.54915,7719183.8295357,0,2023-07-08 15:59:59,2023-07-08 14:00:00,30209.33,30231.17,30180.94,30208.0,21773250.5745153,37785,255.54915,7719183.8295357,720.79805,8,7,2023,14,0,8,7,2023,15,59
2023-07-08 16:00:00,30208.01,30318.25,30208.0,30254.69,1535.87044,1688839199999,46469509.3715107,44691,748.21636,22637481.1916994,0,2023-07-08 17:59:59,2023-07-08 16:00:00,30208.01,30318.25,30208.0,30254.69,46469509.3715107,44691,748.21636,22637481.1916994,1535.87044,8,7,2023,16,0,8,7,2023,17,59
2023-07-08 18:00:00,30254.69,30254.7,30044.47,30112.0,1425.2226,1688846399999,42955360.4528384,46951,561.0144,16904143.4271913,0,2023-07-08 19:59:59,2023-07-08 18:00:00,30254.69,30254.7,30044.47,30112.0,42955360.4528384,46951,561.0144,16904143.4271913,1425.2226,8,7,2023,18,0,8,7,2023,19,59
2023-07-08 20:00:00,30112.0,30196.0,30054.06,30180.8,1066.63747,1688853599999,32141582.3790862,38240,532.90441,16057775.6453966,0,2023-07-08 21:59:59,2023-07-08 20:00:00,30112.0,30196.0,30054.06,30180.8,32141582.3790862,38240,532.90441,16057775.6453966,1066.63747,8,7,2023,20,0,8,7,2023,21,59
2023-07-08 22:00:00,30180.81,30289.99,30166.0,30284.63,985.58166,1688860799999,29796016.7599919,34075,568.81072,17198268.1544206,0,2023-07-08 23:59:59,2023-07-08 22:00:00,30180.81,30289.99,30166.0,30284.63,29796016.7599919,34075,568.81072,17198268.1544206,985.58166,8,7,2023,22,0,8,7,2023,23,59
2023-07-09 00:00:00,30284.63,30402.98,30246.47,30332.26,1561.76001,1688867999999,47372719.3583137,50611,740.10175,22448885.5632112,0,2023-07-09 01:59:59,2023-07-09 00:00:00,30284.63,30402.98,30246.47,30332.26,47372719.3583137,50611,740.10175,22448885.5632112,1561.76001,9,7,2023,0,0,9,7,2023,1,59
2023-07-09 02:00:00,30332.25,30364.52,30262.22,30287.99,1132.08184,1688875199999,34300813.9263992,33891,567.32212,17188575.0636407,0,2023-07-09 03:59:59,2023-07-09 02:00:00,30332.25,30364.52,30262.22,30287.99,34300813.9263992,33891,567.32212,17188575.0636407,1132.08184,9,7,2023,2,0,9,7,2023,3,59
2023-07-09 04:00:00,30287.99,30299.89,30249.65,30260.67,957.01205,1688882399999,28976730.3253256,31449,419.86583,12711627.3406809,0,2023-07-09 05:59:59,2023-07-09 04:00:00,30287.99,30299.89,30249.65,30260.67,28976730.3253256,31449,419.86583,12711627.3406809,957.01205,9,7,2023,4,0,9,7,2023,5,59
2023-07-09 06:00:00,30260.67,30283.5,30233.33,30265.0,908.44163,1688889599999,27485942.5769689,33094,413.22245,12502268.1553218,0,2023-07-09 07:59:59,2023-07-09 06:00:00,30260.67,30283.5,30233.33,30265.0,27485942.5769689,33094,413.22245,12502268.1553218,908.44163,9,7,2023,6,0,9,7,2023,7,59
2023-07-09 08:00:00,30265.0,30310.0,30240.0,30276.0,779.49996,1688896799999,23605615.8645997,29770,382.65965,11587833.1951348,0,2023-07-09 09:59:59,2023-07-09 08:00:00,30265.0,30310.0,30240.0,30276.0,23605615.8645997,29770,382.65965,11587833.1951348,779.49996,9,7,2023,8,0,9,7,2023,9,59
2023-07-09 10:00:00,30276.0,30295.47,30243.67,30266.69,778.05668,1688903999999,23553110.598972,29058,343.85336,10409019.1825272,0,2023-07-09 11:59:59,2023-07-09 10:00:00,30276.0,30295.47,30243.67,30266.69,23553110.598972,29058,343.85336,10409019.1825272,778.05668,9,7,2023,10,0,9,7,2023,11,59
2023-07-09 12:00:00,30266.7,30350.0,30250.89,30265.14,1143.84554,1688911199999,34662190.4468792,41203,555.16775,16821835.5955469,0,2023-07-09 13:59:59,2023-07-09 12:00:00,30266.7,30350.0,30250.89,30265.14,34662190.4468792,41203,555.16775,16821835.5955469,1143.84554,9,7,2023,12,0,9,7,2023,13,59
2023-07-09 14:00:00,30265.14,30445.52,30190.0,30349.47,3060.7849,1688918399999,92796706.1336542,72359,1565.86657,47475466.3349083,0,2023-07-09 15:59:59,2023-07-09 14:00:00,30265.14,30445.52,30190.0,30349.47,92796706.1336542,72359,1565.86657,47475466.3349083,3060.7849,9,7,2023,14,0,9,7,2023,15,59
2023-07-09 16:00:00,30349.47,30349.74,30255.05,30288.29,1071.17772,1688925599999,32447175.5519112,33986,477.10557,14451498.5417469,0,2023-07-09 17:59:59,2023-07-09 16:00:00,30349.47,30349.74,30255.05,30288.29,32447175.5519112,33986,477.10557,14451498.5417469,1071.17772,9,7,2023,16,0,9,7,2023,17,59
2023-07-09 18:00:00,30288.3,30302.7,30204.0,30242.42,742.97443,1688932799999,22476012.4388392,28888,310.4494,9390590.8711135,0,2023-07-09 19:59:59,2023-07-09 18:00:00,30288.3,30302.7,30204.0,30242.42,22476012.4388392,28888,310.4494,9390590.8711135,742.97443,9,7,2023,18,0,9,7,2023,19,59
2023-07-09 20:00:00,30242.43,30249.99,30115.0,30153.9,1413.34038,1688939999999,42663463.2867966,40071,523.69566,15807079.7429787,0,2023-07-09 21:59:59,2023-07-09 20:00:00,30242.43,30249.99,30115.0,30153.9,42663463.2867966,40071,523.69566,15807079.7429787,1413.34038,9,7,2023,20,0,9,7,2023,21,59
2023-07-09 22:00:00,30153.9,30199.48,30061.12,30160.71,1839.52682,1688947199999,55441033.7502881,48788,718.04082,21638842.302918,0,2023-07-09 23:59:59,2023-07-09 22:00:00,30153.9,30199.48,30061.12,30160.71,55441033.7502881,48788,718.04082,21638842.302918,1839.52682,9,7,2023,22,0,9,7,2023,23,59
2023-07-10 00:00:00,30160.71,30227.03,29950.0,30048.8,3742.9005,1688954399999,112535300.7759703,90499,1622.56365,48791341.4027829,0,2023-07-10 01:59:59,2023-07-10 00:00:00,30160.71,30227.03,29950.0,30048.8,112535300.7759703,90499,1622.56365,48791341.4027829,3742.9005,10,7,2023,0,0,10,7,2023,1,59
2023-07-10 02:00:00,30048.79,30240.0,30044.17,30156.17,1688.29543,1688961599999,50915727.7201951,41907,819.13991,24702180.6210356,0,2023-07-10 03:59:59,2023-07-10 02:00:00,30048.79,30240.0,30044.17,30156.17,50915727.7201951,41907,819.13991,24702180.6210356,1688.29543,10,7,2023,2,0,10,7,2023,3,59
2023-07-10 04:00:00,30156.17,30160.0,30082.25,30082.25,1472.68883,1688968799999,44365736.5289118,51116,589.30133,17752573.2711559,0,2023-07-10 05:59:59,2023-07-10 04:00:00,30156.17,30160.0,30082.25,30082.25,44365736.5289118,51116,589.30133,17752573.2711559,1472.68883,10,7,2023,4,0,10,7,2023,5,59
2023-07-10 06:00:00,30082.25,30137.81,30050.29,30112.1,1380.62149,1688975999999,41549684.627674,41030,564.6477,16992939.8102738,0,2023-07-10 07:59:59,2023-07-10 06:00:00,30082.25,30137.81,30050.29,30112.1,41549684.627674,41030,564.6477,16992939.8102738,1380.62149,10,7,2023,6,0,10,7,2023,7,59
2023-07-10 08:00:00,30112.11,30200.0,30000.02,30140.0,2690.6277,1688983199999,80996002.7905839,63124,1185.98491,35710035.6124368,0,2023-07-10 09:59:59,2023-07-10 08:00:00,30112.11,30200.0,30000.02,30140.0,80996002.7905839,63124,1185.98491,35710035.6124368,2690.6277,10,7,2023,8,0,10,7,2023,9,59
2023-07-10 10:00:00,30140.01,30245.9,30140.0,30240.0,2011.75038,1688990399999,60751354.8543699,43936,1107.49283,33444368.1799895,0,2023-07-10 11:59:59,2023-07-10 10:00:00,30140.01,30245.9,30140.0,30240.0,60751354.8543699,43936,1107.49283,33444368.1799895,2011.75038,10,7,2023,10,0,10,7,2023,11,59
2023-07-10 12:00:00,30240.0,30333.0,30143.21,30209.7,2829.5011,1688997599999,85556389.3703844,73308,1283.89669,38823048.2147498,0,2023-07-10 13:59:59,2023-07-10 12:00:00,30240.0,30333.0,30143.21,30209.7,85556389.3703844,73308,1283.89669,38823048.2147498,2829.5011,10,7,2023,12,0,10,7,2023,13,59
2023-07-10 14:00:00,30209.71,30362.0,30200.0,30312.81,3078.61502,1689004799999,93209780.1797439,65525,1578.89754,47800088.8710706,0,2023-07-10 15:59:59,2023-07-10 14:00:00,30209.71,30362.0,30200.0,30312.81,93209780.1797439,65525,1578.89754,47800088.8710706,3078.61502,10,7,2023,14,0,10,7,2023,15,59
2023-07-10 16:00:00,30312.82,30379.29,30241.0,30278.2,2037.9293,1689011999999,61776147.5433711,50439,779.44112,23629168.0208622,0,2023-07-10 17:59:59,2023-07-10 16:00:00,30312.82,30379.29,30241.0,30278.2,61776147.5433711,50439,779.44112,23629168.0208622,2037.9293,10,7,2023,16,0,10,7,2023,17,59
2023-07-10 18:00:00,30278.19,30840.0,30264.01,30837.4,5577.48723,1689019199999,170620032.5545196,113323,3102.17973,94924904.1237994,0,2023-07-10 19:59:59,2023-07-10 18:00:00,30278.19,30840.0,30264.01,30837.4,170620032.5545196,113323,3102.17973,94924904.1237994,5577.48723,10,7,2023,18,0,10,7,2023,19,59
2023-07-10 20:00:00,30837.4,31045.78,30200.0,30302.21,10000.09249,1689026399999,307960544.7534675,176479,4773.47328,147127671.7190585,0,2023-07-10 21:59:59,2023-07-10 20:00:00,30837.4,31045.78,30200.0,30302.21,307960544.7534675,176479,4773.47328,147127671.7190585,10000.09249,10,7,2023,20,0,10,7,2023,21,59
2023-07-10 22:00:00,30302.22,30419.26,30190.0,30411.57,4752.36705,1689033599999,144052336.0428813,86167,2167.21601,65692573.2977935,0,2023-07-10 23:59:59,2023-07-10 22:00:00,30302.22,30419.26,30190.0,30411.57,144052336.0428813,86167,2167.21601,65692573.2977935,4752.36705,10,7,2023,22,0,10,7,2023,23,59
2023-07-11 00:00:00,30411.57,30600.0,30363.29,30586.26,2733.47948,1689040799999,83274037.0559093,65365,1368.93225,41711774.468049,0,2023-07-11 01:59:59,2023-07-11 00:00:00,30411.57,30600.0,30363.29,30586.26,83274037.0559093,65365,1368.93225,41711774.468049,2733.47948,11,7,2023,0,0,11,7,2023,1,59
2023-07-11 02:00:00,30586.25,30600.0,30399.18,30476.0,1800.51535,1689047999999,54892237.1269493,39685,752.8154,22952178.5345751,0,2023-07-11 03:59:59,2023-07-11 02:00:00,30586.25,30600.0,30399.18,30476.0,54892237.1269493,39685,752.8154,22952178.5345751,1800.51535,11,7,2023,2,0,11,7,2023,3,59
2023-07-11 04:00:00,30475.99,30500.0,30430.88,30456.0,1441.55441,1689055199999,43911438.1713465,33097,610.86875,18608646.9679428,0,2023-07-11 05:59:59,2023-07-11 04:00:00,30475.99,30500.0,30430.88,30456.0,43911438.1713465,33097,610.86875,18608646.9679428,1441.55441,11,7,2023,4,0,11,7,2023,5,59
2023-07-11 06:00:00,30456.01,30658.0,30451.38,30535.38,3122.15914,1689062399999,95446375.5649712,60620,1710.57619,52289591.7595413,0,2023-07-11 07:59:59,2023-07-11 06:00:00,30456.01,30658.0,30451.38,30535.38,95446375.5649712,60620,1710.57619,52289591.7595413,3122.15914,11,7,2023,6,0,11,7,2023,7,59
2023-07-11 08:00:00,30535.38,30567.32,30344.28,30449.83,2549.54662,1689069599999,77658337.7945534,55511,1214.59756,36994535.8307296,0,2023-07-11 09:59:59,2023-07-11 08:00:00,30535.38,30567.32,30344.28,30449.83,77658337.7945534,55511,1214.59756,36994535.8307296,2549.54662,11,7,2023,8,0,11,7,2023,9,59
2023-07-11 10:00:00,30449.83,30455.01,30370.0,30404.31,1848.13874,1689076799999,56204626.797097,45640,789.89457,24022184.0842722,0,2023-07-11 11:59:59,2023-07-11 10:00:00,30449.83,30455.01,30370.0,30404.31,56204626.797097,45640,789.89457,24022184.0842722,1848.13874,11,7,2023,10,0,11,7,2023,11,59
2023-07-11 12:00:00,30404.31,30494.0,30300.0,30450.0,2445.45083,1689083999999,74341436.5974979,59813,1156.21578,35152348.8671348,0,2023-07-11 13:59:59,2023-07-11 12:00:00,30404.31,30494.0,30300.0,30450.0,74341436.5974979,59813,1156.21578,35152348.8671348,2445.45083,11,7,2023,12,0,11,7,2023,13,59
2023-07-11 14:00:00,30450.01,30813.63,30380.0,30596.45,5304.83708,1689091199999,162228933.1128604,114596,2790.92205,85357993.0805199,0,2023-07-11 15:59:59,2023-07-11 14:00:00,30450.01,30813.63,30380.0,30596.45,162228933.1128604,114596,2790.92205,85357993.0805199,5304.83708,11,7,2023,14,0,11,7,2023,15,59
2023-07-11 16:00:00,30596.44,30693.87,30506.57,30575.6,2421.43582,1689098399999,74093531.2231462,64669,1078.48754,33003405.7720328,0,2023-07-11 17:59:59,2023-07-11 16:00:00,30596.44,30693.87,30506.57,30575.6,74093531.2231462,64669,1078.48754,33003405.7720328,2421.43582,11,7,2023,16,0,11,7,2023,17,59
2023-07-11 18:00:00,30575.59,30582.0,30405.0,30581.99,2115.40323,1689105599999,64528138.4720019,68889,921.18005,28099477.9737775,0,2023-07-11 19:59:59,2023-07-11 18:00:00,30575.59,30582.0,30405.0,30581.99,64528138.4720019,68889,921.18005,28099477.9737775,2115.40323,11,7,2023,18,0,11,7,2023,19,59
2023-07-11 20:00:00,30582.0,30630.74,30510.01,30570.18,1345.26098,1689112799999,41127553.850336,45684,590.93903,18067584.2833337,0,2023-07-11 21:59:59,2023-07-11 20:00:00,30582.0,30630.74,30510.01,30570.18,41127553.850336,45684,590.93903,18067584.2833337,1345.26098,11,7,2023,20,0,11,7,2023,21,59
2023-07-11 22:00:00,30570.18,30650.0,30501.56,30622.1,1349.05143,1689119999999,41259598.4746001,37644,684.73162,20945079.5410534,0,2023-07-11 23:59:59,2023-07-11 22:00:00,30570.18,30650.0,30501.56,30622.1,41259598.4746001,37644,684.73162,20945079.5410534,1349.05143,11,7,2023,22,0,11,7,2023,23,59
2023-07-12 00:00:00,30622.1,30630.0,30497.95,30535.92,2357.83758,1689127199999,72038745.7047586,50365,825.22803,25210875.5353145,0,2023-07-12 01:59:59,2023-07-12 00:00:00,30622.1,30630.0,30497.95,30535.92,72038745.7047586,50365,825.22803,25210875.5353145,2357.83758,12,7,2023,0,0,12,7,2023,1,59
2023-07-12 02:00:00,30535.91,30671.38,30535.91,30588.32,1218.44842,1689134399999,37286491.8153017,33937,605.24397,18520900.3574505,0,2023-07-12 03:59:59,2023-07-12 02:00:00,30535.91,30671.38,30535.91,30588.32,37286491.8153017,33937,605.24397,18520900.3574505,1218.44842,12,7,2023,2,0,12,7,2023,3,59
2023-07-12 04:00:00,30588.32,30697.21,30565.53,30654.0,1328.52751,1689141599999,40684744.185103,32447,683.20236,20924530.3392615,0,2023-07-12 05:59:59,2023-07-12 04:00:00,30588.32,30697.21,30565.53,30654.0,40684744.185103,32447,683.20236,20924530.3392615,1328.52751,12,7,2023,4,0,12,7,2023,5,59
2023-07-12 06:00:00,30654.01,30849.01,30621.86,30740.0,2937.66691,1689148799999,90345790.0766545,67780,1519.88992,46744733.9084824,0,2023-07-12 07:59:59,2023-07-12 06:00:00,30654.01,30849.01,30621.86,30740.0,90345790.0766545,67780,1519.88992,46744733.9084824,2937.66691,12,7,2023,6,0,12,7,2023,7,59
2023-07-12 08:00:00,30740.0,30764.04,30665.01,30724.01,1630.22878,1689155999999,50077765.3816963,43906,716.68082,22015948.7857505,0,2023-07-12 09:59:59,2023-07-12 08:00:00,30740.0,30764.04,30665.01,30724.01,50077765.3816963,43906,716.68082,22015948.7857505,1630.22878,12,7,2023,8,0,12,7,2023,9,59
2023-07-12 10:00:00,30724.0,30809.13,30656.0,30776.25,1859.99923,1689163199999,57121899.9861956,42347,975.03848,29950050.6215128,0,2023-07-12 11:59:59,2023-07-12 10:00:00,30724.0,30809.13,30656.0,30776.25,57121899.9861956,42347,975.03848,29950050.6215128,1859.99923,12,7,2023,10,0,12,7,2023,11,59
2023-07-12 12:00:00,30776.25,30983.25,30461.59,30666.33,10240.47706,1689170399999,314857261.673772,179737,4885.92551,150263286.799242,0,2023-07-12 13:59:59,2023-07-12 12:00:00,30776.25,30983.25,30461.59,30666.33,314857261.673772,179737,4885.92551,150263286.799242,10240.47706,12,7,2023,12,0,12,7,2023,13,59
2023-07-12 14:00:00,30666.33,30850.33,30472.0,30524.63,5643.6615,1689177599999,173117712.9639515,104917,2706.91293,83046366.1923001,0,2023-07-12 15:59:59,2023-07-12 14:00:00,30666.33,30850.33,30472.0,30524.63,173117712.9639515,104917,2706.91293,83046366.1923001,5643.6615,12,7,2023,14,0,12,7,2023,15,59
2023-07-12 16:00:00,30524.63,30538.44,30422.62,30447.95,3435.22056,1689184799999,104695404.1717343,66633,1723.9118,52540758.1257909,0,2023-07-12 17:59:59,2023-07-12 16:00:00,30524.63,30538.44,30422.62,30447.95,104695404.1717343,66633,1723.9118,52540758.1257909,3435.22056,12,7,2023,16,0,12,7,2023,17,59
2023-07-12 18:00:00,30447.94,30537.01,30210.0,30287.47,4233.29195,1689191999999,128495500.7314846,86202,1928.25025,58537920.1044453,0,2023-07-12 19:59:59,2023-07-12 18:00:00,30447.94,30537.01,30210.0,30287.47,128495500.7314846,86202,1928.25025,58537920.1044453,4233.29195,12,7,2023,18,0,12,7,2023,19,59
2023-07-12 20:00:00,30287.48,30372.98,30238.28,30356.01,2079.22949,1689199199999,63018981.8242434,44846,1079.36689,32714549.2903991,0,2023-07-12 21:59:59,2023-07-12 20:00:00,30287.48,30372.98,30238.28,30356.01,63018981.8242434,44846,1079.36689,32714549.2903991,2079.22949,12,7,2023,20,0,12,7,2023,21,59
2023-07-12 22:00:00,30356.0,30419.99,30337.06,30380.0,1144.4077,1689206399999,34757173.9182774,31078,601.62869,18272604.8712791,0,2023-07-12 23:59:59,2023-07-12 22:00:00,30356.0,30419.99,30337.06,30380.0,34757173.9182774,31078,601.62869,18272604.8712791,1144.4077,12,7,2023,22,0,12,7,2023,23,59
2023-07-13 00:00:00,30380.0,30433.25,30294.78,30383.78,1694.77954,1689213599999,51467918.4416878,38897,760.52521,23094500.0120726,0,2023-07-13 01:59:59,2023-07-13 00:00:00,30380.0,30433.25,30294.78,30383.78,51467918.4416878,38897,760.52521,23094500.0120726,1694.77954,13,7,2023,0,0,13,7,2023,1,59
2023-07-13 02:00:00,30383.79,30383.79,30274.0,30298.01,1515.45492,1689220799999,45960390.5929041,29906,631.4521,19148920.2341515,0,2023-07-13 03:59:59,2023-07-13 02:00:00,30383.79,30383.79,30274.0,30298.01,45960390.5929041,29906,631.4521,19148920.2341515,1515.45492,13,7,2023,2,0,13,7,2023,3,59
2023-07-13 04:00:00,30298.01,30323.37,30251.0,30323.0,1591.91316,1689227999999,48219423.0806178,31515,747.60115,22646071.6315801,0,2023-07-13 05:59:59,2023-07-13 04:00:00,30298.01,30323.37,30251.0,30323.0,48219423.0806178,31515,747.60115,22646071.6315801,1591.91316,13,7,2023,4,0,13,7,2023,5,59
2023-07-13 06:00:00,30323.01,30426.91,30302.57,30366.02,2119.13879,1689235199999,64359286.8690913,39838,1164.51759,35367382.6121699,0,2023-07-13 07:59:59,2023-07-13 06:00:00,30323.01,30426.91,30302.57,30366.02,64359286.8690913,39838,1164.51759,35367382.6121699,2119.13879,13,7,2023,6,0,13,7,2023,7,59
2023-07-13 08:00:00,30366.01,30605.1,30345.05,30576.68,2726.64272,1689242399999,83118243.2915879,58616,1376.12396,41948882.9932951,0,2023-07-13 09:59:59,2023-07-13 08:00:00,30366.01,30605.1,30345.05,30576.68,83118243.2915879,58616,1376.12396,41948882.9932951,2726.64272,13,7,2023,8,0,13,7,2023,9,59
2023-07-13 10:00:00,30576.68,30637.06,30529.84,30543.99,1997.8819,1689249599999,61087730.4215841,43280,844.12772,25809877.8427707,0,2023-07-13 11:59:59,2023-07-13 10:00:00,30576.68,30637.06,30529.84,30543.99,61087730.4215841,43280,844.12772,25809877.8427707,1997.8819,13,7,2023,10,0,13,7,2023,11,59
2023-07-13 12:00:00,30543.99,30689.77,30459.91,30663.43,2872.80126,1689256799999,87835852.4912248,62430,1312.30885,40126398.3902238,0,2023-07-13 13:59:59,2023-07-13 12:00:00,30543.99,30689.77,30459.91,30663.43,87835852.4912248,62430,1312.30885,40126398.3902238,2872.80126,13,7,2023,12,0,13,7,2023,13,59
2023-07-13 14:00:00,30663.44,31170.0,30471.66,30917.48,12869.54866,1689263999999,397041973.47611296,190279,7031.56119,217026749.75479352,0,2023-07-13 15:59:59,2023-07-13 14:00:00,30663.44,31170.0,30471.66,30917.48,397041973.47611296,190279,7031.56119,217026749.75479352,12869.54866,13,7,2023,14,0,13,7,2023,15,59
2023-07-13 16:00:00,30917.48,31200.0,30718.27,31070.08,15006.34576,1689271199999,464457056.014429,220117,7776.60838,240737205.999534,0,2023-07-13 17:59:59,2023-07-13 16:00:00,30917.48,31200.0,30718.27,31070.08,464457056.014429,220117,7776.60838,240737205.999534,15006.34576,13,7,2023,16,0,13,7,2023,17,59
2023-07-13 18:00:00,31070.08,31804.2,31056.08,31606.01,18407.63003,1689278399999,578683815.5548385,334606,9819.9674,308730196.5244134,0,2023-07-13 19:59:59,2023-07-13 18:00:00,31070.08,31804.2,31056.08,31606.01,578683815.5548385,334606,9819.9674,308730196.5244134,18407.63003,13,7,2023,18,0,13,7,2023,19,59
2023-07-13 20:00:00,31606.0,31691.46,31000.0,31254.01,6673.98316,1689285599999,209338143.117692,174762,2998.89694,94070521.5071207,0,2023-07-13 21:59:59,2023-07-13 20:00:00,31606.0,31691.46,31000.0,31254.01,209338143.117692,174762,2998.89694,94070521.5071207,6673.98316,13,7,2023,20,0,13,7,2023,21,59
2023-07-13 22:00:00,31254.0,31499.99,31207.51,31454.23,3296.39846,1689292799999,103357376.8726455,77386,1621.15129,50836147.6491918,0,2023-07-13 23:59:59,2023-07-13 22:00:00,31254.0,31499.99,31207.51,31454.23,103357376.8726455,77386,1621.15129,50836147.6491918,3296.39846,13,7,2023,22,0,13,7,2023,23,59
2023-07-14 00:00:00,31454.23,31518.94,31333.0,31418.88,5504.65961,1689299999999,173014148.6823683,131831,2603.80833,81840302.21632,0,2023-07-14 01:59:59,2023-07-14 00:00:00,31454.23,31518.94,31333.0,31418.88,173014148.6823683,131831,2603.80833,81840302.21632,5504.65961,14,7,2023,0,0,14,7,2023,1,59
2023-07-14 02:00:00,31418.88,31630.0,31384.05,31460.0,3162.43185,1689307199999,99495384.8018321,72920,1604.12965,50464981.6888683,0,2023-07-14 03:59:59,2023-07-14 02:00:00,31418.88,31630.0,31384.05,31460.0,99495384.8018321,72920,1604.12965,50464981.6888683,3162.43185,14,7,2023,2,0,14,7,2023,3,59
2023-07-14 04:00:00,31459.99,31469.0,31350.12,31360.48,2110.83194,1689314399999,66290719.1702893,52986,917.98916,28832390.827907,0,2023-07-14 05:59:59,2023-07-14 04:00:00,31459.99,31469.0,31350.12,31360.48,66290719.1702893,52986,917.98916,28832390.827907,2110.83194,14,7,2023,4,0,14,7,2023,5,59
2023-07-14 06:00:00,31360.48,31385.2,31075.25,31098.74,3575.5669,1689321599999,111709079.7123583,80618,1506.43699,47056622.7611408,0,2023-07-14 07:59:59,2023-07-14 06:00:00,31360.48,31385.2,31075.25,31098.74,111709079.7123583,80618,1506.43699,47056622.7611408,3575.5669,14,7,2023,6,0,14,7,2023,7,59
2023-07-14 08:00:00,31098.75,31287.85,31083.95,31187.04,2335.7383,1689328799999,72869724.5593615,64113,1251.39339,39039867.9063023,0,2023-07-14 09:59:59,2023-07-14 08:00:00,31098.75,31287.85,31083.95,31187.04,72869724.5593615,64113,1251.39339,39039867.9063023,2335.7383,14,7,2023,8,0,14,7,2023,9,59
2023-07-14 10:00:00,31187.03,31234.79,31090.0,31209.59,2209.64121,1689335999999,68864009.2087049,55704,1081.00352,33693421.2495854,0,2023-07-14 11:59:59,2023-07-14 10:00:00,31187.03,31234.79,31090.0,31209.59,68864009.2087049,55704,1081.00352,33693421.2495854,2209.64121,14,7,2023,10,0,14,7,2023,11,59
2023-07-14 12:00:00,31209.58,31280.0,31050.0,31253.43,2624.81151,1689343199999,81820327.0007283,69529,1338.07905,41715450.4516595,0,2023-07-14 13:59:59,2023-07-14 12:00:00,31209.58,31280.0,31050.0,31253.43,81820327.0007283,69529,1338.07905,41715450.4516595,2624.81151,14,7,2023,12,0,14,7,2023,13,59
2023-07-14 14:00:00,31253.44,31360.11,31174.55,31240.48,2943.95335,1689350399999,92042481.969369,86058,1495.80646,46770825.1966097,0,2023-07-14 15:59:59,2023-07-14 14:00:00,31253.44,31360.11,31174.55,31240.48,92042481.969369,86058,1495.80646,46770825.1966097,2943.95335,14,7,2023,14,0,14,7,2023,15,59
2023-07-14 16:00:00,31240.49,31275.5,30648.0,30688.64,8491.1423,1689357599999,263106089.9222086,182625,3784.12292,117269747.2397324,0,2023-07-14 17:59:59,2023-07-14 16:00:00,31240.49,31275.5,30648.0,30688.64,263106089.9222086,182625,3784.12292,117269747.2397324,8491.1423,14,7,2023,16,0,14,7,2023,17,59
2023-07-14 18:00:00,30688.63,30770.95,29900.0,30115.17,20688.47592,1689364799999,625869213.0152758,320148,9481.63984,286840386.80106235,0,2023-07-14 19:59:59,2023-07-14 18:00:00,30688.63,30770.95,29900.0,30115.17,625869213.0152758,320148,9481.63984,286840386.80106235,20688.47592,14,7,2023,18,0,14,7,2023,19,59
2023-07-14 20:00:00,30115.18,30276.21,29985.31,30241.99,4702.41634,1689371999999,141760670.5552565,101638,2328.12892,70197114.7692181,0,2023-07-14 21:59:59,2023-07-14 20:00:00,30115.18,30276.21,29985.31,30241.99,141760670.5552565,101638,2328.12892,70197114.7692181,4702.41634,14,7,2023,20,0,14,7,2023,21,59
2023-07-14 22:00:00,30242.0,30319.03,30201.0,30312.01,2399.81501,1689379199999,72601425.1498717,56217,1121.24173,33920926.7140357,0,2023-07-14 23:59:59,2023-07-14 22:00:00,30242.0,30319.03,30201.0,30312.01,72601425.1498717,56217,1121.24173,33920926.7140357,2399.81501,14,7,2023,22,0,14,7,2023,23,59
2023-07-15 00:00:00,30312.0,30390.9,30200.0,30336.45,2173.88708,1689386399999,65871305.6861663,59266,915.30489,27738067.438499,0,2023-07-15 01:59:59,2023-07-15 00:00:00,30312.0,30390.9,30200.0,30336.45,65871305.6861663,59266,915.30489,27738067.438499,2173.88708,15,7,2023,0,0,15,7,2023,1,59
2023-07-15 02:00:00,30336.45,30348.0,30262.93,30292.91,1591.1334,1689393599999,48216755.6167111,43793,689.20043,20884492.3461579,0,2023-07-15 03:59:59,2023-07-15 02:00:00,30336.45,30348.0,30262.93,30292.91,48216755.6167111,43793,689.20043,20884492.3461579,1591.1334,15,7,2023,2,0,15,7,2023,3,59
2023-07-15 04:00:00,30292.9,30324.0,30257.45,30295.43,975.49022,1689400799999,29551619.6156229,32864,445.3436,13491700.2252845,0,2023-07-15 05:59:59,2023-07-15 04:00:00,30292.9,30324.0,30257.45,30295.43,29551619.6156229,32864,445.3436,13491700.2252845,975.49022,15,7,2023,4,0,15,7,2023,5,59
2023-07-15 06:00:00,30295.44,30366.83,30266.33,30338.0,1533.92563,1689407999999,46512536.5357382,50549,781.26107,23691605.7729188,0,2023-07-15 07:59:59,2023-07-15 06:00:00,30295.44,30366.83,30266.33,30338.0,46512536.5357382,50549,781.26107,23691605.7729188,1533.92563,15,7,2023,6,0,15,7,2023,7,59
2023-07-15 08:00:00,30338.0,30350.06,30263.25,30350.06,1525.32266,1689415199999,46246392.0619012,48181,730.58397,22152110.1518513,0,2023-07-15 09:59:59,2023-07-15 08:00:00,30338.0,30350.06,30263.25,30350.06,46246392.0619012,48181,730.58397,22152110.1518513,1525.32266,15,7,2023,8,0,15,7,2023,9,59
2023-07-15 10:00:00,30350.06,30371.67,30290.07,30311.99,1174.60079,1689422399999,35625651.4871734,44512,512.45608,15543942.0543575,0,2023-07-15 11:59:59,2023-07-15 10:00:00,30350.06,30371.67,30290.07,30311.99,35625651.4871734,44512,512.45608,15543942.0543575,1174.60079,15,7,2023,10,0,15,7,2023,11,59
2023-07-15 12:00:00,30311.99,30365.04,30268.66,30324.99,1084.07943,1689429599999,32876326.7724186,42080,463.52029,14057699.3575858,0,2023-07-15 13:59:59,2023-07-15 12:00:00,30311.99,30365.04,30268.66,30324.99,32876326.7724186,42080,463.52029,14057699.3575858,1084.07943,15,7,2023,12,0,15,7,2023,13,59
2023-07-15 14:00:00,30324.99,30330.9,30250.99,30303.41,1030.30228,1689436799999,31215729.9072799,41447,417.72249,12655521.1155733,0,2023-07-15 15:59:59,2023-07-15 14:00:00,30324.99,30330.9,30250.99,30303.41,31215729.9072799,41447,417.72249,12655521.1155733,1030.30228,15,7,2023,14,0,15,7,2023,15,59
2023-07-15 16:00:00,30303.4,30311.21,30256.89,30283.13,1020.90682,1689443999999,30917671.4823846,40883,496.10327,15023884.2510123,0,2023-07-15 17:59:59,2023-07-15 16:00:00,30303.4,30311.21,30256.89,30283.13,30917671.4823846,40883,496.10327,15023884.2510123,1020.90682,15,7,2023,16,0,15,7,2023,17,59
2023-07-15 18:00:00,30283.12,30358.18,30283.12,30326.47,843.17298,1689451199999,25572856.2796165,33630,438.90193,13310925.9121126,0,2023-07-15 19:59:59,2023-07-15 18:00:00,30283.12,30358.18,30283.12,30326.47,25572856.2796165,33630,438.90193,13310925.9121126,843.17298,15,7,2023,18,0,15,7,2023,19,59
2023-07-15 20:00:00,30326.47,30326.47,30276.0,30302.98,611.07224,1689458399999,18514329.0748914,27423,294.40602,8919571.1618752,0,2023-07-15 21:59:59,2023-07-15 20:00:00,30326.47,30326.47,30276.0,30302.98,18514329.0748914,27423,294.40602,8919571.1618752,611.07224,15,7,2023,20,0,15,7,2023,21,59
2023-07-15 22:00:00,30302.99,30318.68,30269.96,30289.52,554.65976,1689465599999,16799919.7822742,23726,245.74577,7443154.1246935,0,2023-07-15 23:59:59,2023-07-15 22:00:00,30302.99,30318.68,30269.96,30289.52,16799919.7822742,23726,245.74577,7443154.1246935,554.65976,15,7,2023,22,0,15,7,2023,23,59
2023-07-16 00:00:00,30289.52,30332.01,30260.0,30265.0,1033.87457,1689472799999,31319702.2664878,30320,482.20411,14609704.5129532,0,2023-07-16 01:59:59,2023-07-16 00:00:00,30289.52,30332.01,30260.0,30265.0,31319702.2664878,30320,482.20411,14609704.5129532,1033.87457,16,7,2023,0,0,16,7,2023,1,59
2023-07-16 02:00:00,30264.99,30335.0,30064.29,30188.0,3072.91837,1689479999999,92802145.6598972,72868,1332.4741,40244117.3624809,0,2023-07-16 03:59:59,2023-07-16 02:00:00,30264.99,30335.0,30064.29,30188.0,92802145.6598972,72868,1332.4741,40244117.3624809,3072.91837,16,7,2023,2,0,16,7,2023,3,59
2023-07-16 04:00:00,30188.0,30241.34,30134.59,30238.01,1016.33559,1689487199999,30673350.0860069,31899,553.19017,16694890.6088816,0,2023-07-16 05:59:59,2023-07-16 04:00:00,30188.0,30241.34,30134.59,30238.01,30673350.0860069,31899,553.19017,16694890.6088816,1016.33559,16,7,2023,4,0,16,7,2023,5,59
2023-07-16 06:00:00,30238.01,30311.99,30225.13,30265.22,925.10368,1689494399999,27998211.9867098,32344,495.67776,15001290.4265647,0,2023-07-16 07:59:59,2023-07-16 06:00:00,30238.01,30311.99,30225.13,30265.22,27998211.9867098,32344,495.67776,15001290.4265647,925.10368,16,7,2023,6,0,16,7,2023,7,59
2023-07-16 08:00:00,30265.23,30319.59,30265.22,30303.13,1116.10922,1689501599999,33813017.1442474,29980,510.36994,15462279.9282644,0,2023-07-16 09:59:59,2023-07-16 08:00:00,30265.23,30319.59,30265.22,30303.13,33813017.1442474,29980,510.36994,15462279.9282644,1116.10922,16,7,2023,8,0,16,7,2023,9,59
2023-07-16 10:00:00,30303.13,30350.0,30273.37,30306.01,945.43236,1689508799999,28651914.7553189,39284,421.97019,12788011.5684416,0,2023-07-16 11:59:59,2023-07-16 10:00:00,30303.13,30350.0,30273.37,30306.01,28651914.7553189,39284,421.97019,12788011.5684416,945.43236,16,7,2023,10,0,16,7,2023,11,59
2023-07-16 12:00:00,30306.01,30340.0,30273.08,30303.93,1016.79296,1689515999999,30811124.8374554,33533,424.50704,12863086.5562986,0,2023-07-16 13:59:59,2023-07-16 12:00:00,30306.01,30340.0,30273.08,30303.93,30811124.8374554,33533,424.50704,12863086.5562986,1016.79296,16,7,2023,12,0,16,7,2023,13,59
2023-07-16 14:00:00,30303.93,30441.46,30303.93,30379.95,2044.4695,1689523199999,62129509.7969961,58676,1011.10973,30723616.0610813,0,2023-07-16 15:59:59,2023-07-16 14:00:00,30303.93,30441.46,30303.93,30379.95,62129509.7969961,58676,1011.10973,30723616.0610813,2044.4695,16,7,2023,14,0,16,7,2023,15,59
2023-07-16 16:00:00,30379.96,30403.13,30320.0,30381.92,811.62749,1689530399999,24651836.1027937,32851,391.17902,11881665.9517707,0,2023-07-16 17:59:59,2023-07-16 16:00:00,30379.96,30403.13,30320.0,30381.92,24651836.1027937,32851,391.17902,11881665.9517707,811.62749,16,7,2023,16,0,16,7,2023,17,59
2023-07-16 18:00:00,30381.93,30394.87,30200.43,30252.93,1395.53149,1689537599999,42257715.7772545,47941,584.99143,17710790.8463888,0,2023-07-16 19:59:59,2023-07-16 18:00:00,30381.93,30394.87,30200.43,30252.93,42257715.7772545,47941,584.99143,17710790.8463888,1395.53149,16,7,2023,18,0,16,7,2023,19,59
2023-07-16 20:00:00,30252.94,30314.48,30236.0,30292.65,693.27902,1689544799999,20993907.7580045,32466,343.32787,10396736.945831,0,2023-07-16 21:59:59,2023-07-16 20:00:00,30252.94,30314.48,30236.0,30292.65,20993907.7580045,32466,343.32787,10396736.945831,693.27902,16,7,2023,20,0,16,7,2023,21,59
2023-07-16 22:00:00,30292.66,30361.0,30122.95,30231.99,1688.65385,1689551999999,51086891.8361215,52063,771.44236,23337519.4542862,0,2023-07-16 23:59:59,2023-07-16 22:00:00,30292.66,30361.0,30122.95,30231.99,51086891.8361215,52063,771.44236,23337519.4542862,1688.65385,16,7,2023,22,0,16,7,2023,23,59
2023-07-17 00:00:00,30232.0,30336.96,30176.03,30291.05,1298.74044,1689559199999,39288687.7786482,49084,665.6354,20136787.0130309,0,2023-07-17 01:59:59,2023-07-17 00:00:00,30232.0,30336.96,30176.03,30291.05,39288687.7786482,49084,665.6354,20136787.0130309,1298.74044,17,7,2023,0,0,17,7,2023,1,59
2023-07-17 02:00:00,30291.04,30319.13,30255.7,30312.66,748.1137,1689566399999,22656885.7672611,29677,374.28371,11335065.9390755,0,2023-07-17 03:59:59,2023-07-17 02:00:00,30291.04,30319.13,30255.7,30312.66,22656885.7672611,29677,374.28371,11335065.9390755,748.1137,17,7,2023,2,0,17,7,2023,3,59
2023-07-17 04:00:00,30312.66,30323.05,30264.27,30264.27,1075.94937,1689573599999,32596898.7212933,34796,466.48907,14133100.9893927,0,2023-07-17 05:59:59,2023-07-17 04:00:00,30312.66,30323.05,30264.27,30264.27,32596898.7212933,34796,466.48907,14133100.9893927,1075.94937,17,7,2023,4,0,17,7,2023,5,59
2023-07-17 06:00:00,30264.28,30287.23,30232.06,30281.0,1224.13266,1689580799999,37050491.3324997,35167,621.27854,18803784.0481076,0,2023-07-17 07:59:59,2023-07-17 06:00:00,30264.28,30287.23,30232.06,30281.0,37050491.3324997,35167,621.27854,18803784.0481076,1224.13266,17,7,2023,6,0,17,7,2023,7,59
2023-07-17 08:00:00,30281.01,30328.0,30150.0,30182.0,2436.30404,1689587999999,73704467.3706102,59930,1265.66988,38297708.5483191,0,2023-07-17 09:59:59,2023-07-17 08:00:00,30281.01,30328.0,30150.0,30182.0,73704467.3706102,59930,1265.66988,38297708.5483191,2436.30404,17,7,2023,8,0,17,7,2023,9,59
2023-07-17 10:00:00,30182.0,30261.9,29965.39,30161.7,4536.02006,1689595199999,136633668.3192443,102095,1986.11052,59842076.1476097,0,2023-07-17 11:59:59,2023-07-17 10:00:00,30182.0,30261.9,29965.39,30161.7,136633668.3192443,102095,1986.11052,59842076.1476097,4536.02006,17,7,2023,10,0,17,7,2023,11,59
2023-07-17 12:00:00,30161.7,30307.84,30032.0,30286.64,3210.0079,1689602399999,96829053.359332,82264,1555.91806,46932947.772749,0,2023-07-17 13:59:59,2023-07-17 12:00:00,30161.7,30307.84,30032.0,30286.64,96829053.359332,82264,1555.91806,46932947.772749,3210.0079,17,7,2023,12,0,17,7,2023,13,59
2023-07-17 14:00:00,30286.65,30308.0,30112.99,30174.83,1989.38323,1689609599999,60143753.5427978,58864,747.04028,22586045.9871272,0,2023-07-17 15:59:59,2023-07-17 14:00:00,30286.65,30308.0,30112.99,30174.83,60143753.5427978,58864,747.04028,22586045.9871272,1989.38323,17,7,2023,14,0,17,7,2023,15,59
2023-07-17 16:00:00,30174.84,30241.03,29920.0,30030.67,4208.7665,1689616799999,126639492.4817559,110121,1953.34576,58797059.6096238,0,2023-07-17 17:59:59,2023-07-17 16:00:00,30174.84,30241.03,29920.0,30030.67,126639492.4817559,110121,1953.34576,58797059.6096238,4208.7665,17,7,2023,16,0,17,7,2023,17,59
2023-07-17 18:00:00,30030.67,30060.0,29659.2,29884.39,6056.12163,1689623999999,180761289.2493864,135627,2751.07073,82114709.3484278,0,2023-07-17 19:59:59,2023-07-17 18:00:00,30030.67,30060.0,29659.2,29884.39,180761289.2493864,135627,2751.07073,82114709.3484278,6056.12163,17,7,2023,18,0,17,7,2023,19,59
2023-07-17 20:00:00,29884.4,30285.71,29881.41,30242.59,2531.68214,1689631199999,76058430.439336,72669,1304.32993,39187239.1650562,0,2023-07-17 21:59:59,2023-07-17 20:00:00,29884.4,30285.71,29881.41,30242.59,76058430.439336,72669,1304.32993,39187239.1650562,2531.68214,17,7,2023,20,0,17,7,2023,21,59
2023-07-17 22:00:00,30242.6,30267.82,30074.54,30138.0,1567.54672,1689638399999,47284525.8811781,46172,661.04705,19939430.8862508,0,2023-07-17 23:59:59,2023-07-17 22:00:00,30242.6,30267.82,30074.54,30138.0,47284525.8811781,46172,661.04705,19939430.8862508,1567.54672,17,7,2023,22,0,17,7,2023,23,59
2023-07-18 00:00:00,30138.01,30239.78,30105.55,30215.84,1461.95027,1689645599999,44110270.5894688,41591,773.39845,23335773.1870915,0,2023-07-18 01:59:59,2023-07-18 00:00:00,30138.01,30239.78,30105.55,30215.84,44110270.5894688,41591,773.39845,23335773.1870915,1461.95027,18,7,2023,0,0,18,7,2023,1,59
2023-07-18 02:00:00,30215.85,30227.99,30073.96,30073.96,1484.89308,1689652799999,44746503.266723,34142,456.20937,13747297.7948622,0,2023-07-18 03:59:59,2023-07-18 02:00:00,30215.85,30227.99,30073.96,30073.96,44746503.266723,34142,456.20937,13747297.7948622,1484.89308,18,7,2023,2,0,18,7,2023,3,59
2023-07-18 04:00:00,30073.97,30118.19,30040.0,30052.22,1534.08973,1689659999999,46139228.886309,35694,614.76154,18490762.4202545,0,2023-07-18 05:59:59,2023-07-18 04:00:00,30073.97,30118.19,30040.0,30052.22,46139228.886309,35694,614.76154,18490762.4202545,1534.08973,18,7,2023,4,0,18,7,2023,5,59
2023-07-18 06:00:00,30052.23,30097.09,29921.54,29968.13,2540.18745,1689667199999,76213889.9172033,67967,1200.15373,36010523.4186622,0,2023-07-18 07:59:59,2023-07-18 06:00:00,30052.23,30097.09,29921.54,29968.13,76213889.9172033,67967,1200.15373,36010523.4186622,2540.18745,18,7,2023,6,0,18,7,2023,7,59
2023-07-18 08:00:00,29968.13,30111.68,29881.0,29956.94,2395.74015,1689674399999,71860793.5338708,62624,1075.21376,32252722.9106874,0,2023-07-18 09:59:59,2023-07-18 08:00:00,29968.13,30111.68,29881.0,29956.94,71860793.5338708,62624,1075.21376,32252722.9106874,2395.74015,18,7,2023,8,0,18,7,2023,9,59
2023-07-18 10:00:00,29956.95,30073.41,29810.0,29884.01,2971.79966,1689681599999,89009106.3847088,64914,1357.88742,40671115.0326098,0,2023-07-18 11:59:59,2023-07-18 10:00:00,29956.95,30073.41,29810.0,29884.01,89009106.3847088,64914,1357.88742,40671115.0326098,2971.79966,18,7,2023,10,0,18,7,2023,11,59
2023-07-18 12:00:00,29884.0,29918.2,29675.0,29831.99,4769.65692,1689688799999,142190801.4487126,115703,2226.12056,66366253.2674229,0,2023-07-18 13:59:59,2023-07-18 12:00:00,29884.0,29918.2,29675.0,29831.99,142190801.4487126,115703,2226.12056,66366253.2674229,4769.65692,18,7,2023,12,0,18,7,2023,13,59
2023-07-18 14:00:00,29831.99,30034.15,29817.31,29912.0,3228.32522,1689695999999,96539902.1758625,82066,1576.50881,47146237.3104933,0,2023-07-18 15:59:59,2023-07-18 14:00:00,29831.99,30034.15,29817.31,29912.0,96539902.1758625,82066,1576.50881,47146237.3104933,3228.32522,18,7,2023,14,0,18,7,2023,15,59
2023-07-18 16:00:00,29912.01,29964.99,29512.0,29821.77,4807.38585,1689703199999,142946520.6639998,110765,2139.2226,63612552.8627518,0,2023-07-18 17:59:59,2023-07-18 16:00:00,29912.01,29964.99,29512.0,29821.77,142946520.6639998,110765,2139.2226,63612552.8627518,4807.38585,18,7,2023,16,0,18,7,2023,17,59
2023-07-18 18:00:00,29821.76,29943.79,29680.76,29715.99,2413.66044,1689710399999,72024687.1108055,64016,1148.90075,34289566.5037912,0,2023-07-18 19:59:59,2023-07-18 18:00:00,29821.76,29943.79,29680.76,29715.99,72024687.1108055,64016,1148.90075,34289566.5037912,2413.66044,18,7,2023,18,0,18,7,2023,19,59
2023-07-18 20:00:00,29715.98,29834.28,29690.65,29800.86,1323.32603,1689717599999,39394406.2360872,39329,690.99237,20568383.1049431,0,2023-07-18 21:59:59,2023-07-18 20:00:00,29715.98,29834.28,29690.65,29800.86,39394406.2360872,39329,690.99237,20568383.1049431,1323.32603,18,7,2023,20,0,18,7,2023,21,59
2023-07-18 22:00:00,29800.86,29865.0,29758.85,29859.13,1072.8453,1689724799999,31980985.2636598,35964,511.82685,15257680.2493428,0,2023-07-18 23:59:59,2023-07-18 22:00:00,29800.86,29865.0,29758.85,29859.13,31980985.2636598,35964,511.82685,15257680.2493428,1072.8453,18,7,2023,22,0,18,7,2023,23,59
2023-07-19 00:00:00,29859.14,30071.12,29839.5,30006.01,2340.47552,1689731999999,70169518.9076597,60809,1266.76596,37972670.1667342,0,2023-07-19 01:59:59,2023-07-19 00:00:00,29859.14,30071.12,29839.5,30006.01,70169518.9076597,60809,1266.76596,37972670.1667342,2340.47552,19,7,2023,0,0,19,7,2023,1,59
2023-07-19 02:00:00,30006.0,30076.71,29971.41,30059.11,1536.48105,1689739199999,46143737.5774942,36641,806.48824,24219700.5334336,0,2023-07-19 03:59:59,2023-07-19 02:00:00,30006.0,30076.71,29971.41,30059.11,46143737.5774942,36641,806.48824,24219700.5334336,1536.48105,19,7,2023,2,0,19,7,2023,3,59
2023-07-19 04:00:00,30059.1,30189.09,30055.05,30098.39,2342.70345,1689746399999,70554591.2463841,49034,1106.43025,33326683.5969707,0,2023-07-19 05:59:59,2023-07-19 04:00:00,30059.1,30189.09,30055.05,30098.39,70554591.2463841,49034,1106.43025,33326683.5969707,2342.70345,19,7,2023,4,0,19,7,2023,5,59
2023-07-19 06:00:00,30098.39,30114.0,29966.48,30000.68,1938.95557,1689753599999,58246113.3475215,44205,776.56309,23327641.664815,0,2023-07-19 07:59:59,2023-07-19 06:00:00,30098.39,30114.0,29966.48,30000.68,58246113.3475215,44205,776.56309,23327641.664815,1938.95557,19,7,2023,6,0,19,7,2023,7,59
2023-07-19 08:00:00,30000.68,30046.0,29867.17,30006.3,2164.79324,1689760799999,64867043.5468834,49486,968.08416,29006501.4116503,0,2023-07-19 09:59:59,2023-07-19 08:00:00,30000.68,30046.0,29867.17,30006.3,64867043.5468834,49486,968.08416,29006501.4116503,2164.79324,19,7,2023,8,0,19,7,2023,9,59
2023-07-19 10:00:00,30006.29,30034.0,29958.86,30012.63,1375.09952,1689767999999,41248202.282456,30152,587.01353,17607930.2151546,0,2023-07-19 11:59:59,2023-07-19 10:00:00,30006.29,30034.0,29958.86,30012.63,41248202.282456,30152,587.01353,17607930.2151546,1375.09952,19,7,2023,10,0,19,7,2023,11,59
2023-07-19 12:00:00,30012.62,30128.0,29827.39,29994.3,2769.089,1689775199999,82992253.7393564,66369,1353.64885,40578289.3170008,0,2023-07-19 13:59:59,2023-07-19 12:00:00,30012.62,30128.0,29827.39,29994.3,82992253.7393564,66369,1353.64885,40578289.3170008,2769.089,19,7,2023,12,0,19,7,2023,13,59
2023-07-19 14:00:00,29994.31,30056.69,29761.96,29956.46,3626.5636,1689782399999,108379297.3203951,83077,1763.94217,52722930.4751682,0,2023-07-19 15:59:59,2023-07-19 14:00:00,29994.31,30056.69,29761.96,29956.46,108379297.3203951,83077,1763.94217,52722930.4751682,3626.5636,19,7,2023,14,0,19,7,2023,15,59
2023-07-19 16:00:00,29956.46,30085.8,29870.0,29993.18,2174.55609,1689789599999,65152490.0747832,59343,1105.97883,33143635.3917056,0,2023-07-19 17:59:59,2023-07-19 16:00:00,29956.46,30085.8,29870.0,29993.18,65152490.0747832,59343,1105.97883,33143635.3917056,2174.55609,19,7,2023,16,0,19,7,2023,17,59
2023-07-19 18:00:00,29993.19,30100.0,29944.0,30044.31,2195.36028,1689796799999,65933765.5919671,55336,1114.2067,33465525.8707156,0,2023-07-19 19:59:59,2023-07-19 18:00:00,29993.19,30100.0,29944.0,30044.31,65933765.5919671,55336,1114.2067,33465525.8707156,2195.36028,19,7,2023,18,0,19,7,2023,19,59
2023-07-19 20:00:00,30044.31,30054.0,29851.1,29933.96,1798.36613,1689803999999,53868866.8567515,47075,788.60609,23621586.5318799,0,2023-07-19 21:59:59,2023-07-19 20:00:00,30044.31,30054.0,29851.1,29933.96,53868866.8567515,47075,788.60609,23621586.5318799,1798.36613,19,7,2023,20,0,19,7,2023,21,59
2023-07-19 22:00:00,29933.96,29957.47,29830.36,29909.21,1394.91792,1689811199999,41698984.7934629,35888,623.25534,18631122.742207,0,2023-07-19 23:59:59,2023-07-19 22:00:00,29933.96,29957.47,29830.36,29909.21,41698984.7934629,35888,623.25534,18631122.742207,1394.91792,19,7,2023,22,0,19,7,2023,23,59
2023-07-20 00:00:00,29909.21,30027.99,29881.29,29987.33,1214.14215,1689818399999,36391494.1286735,34254,563.05208,16876140.1219216,0,2023-07-20 01:59:59,2023-07-20 00:00:00,29909.21,30027.99,29881.29,29987.33,36391494.1286735,34254,563.05208,16876140.1219216,1214.14215,20,7,2023,0,0,20,7,2023,1,59
